<class 'problems.ANNOP.ANNOP'>,4845039120,algorithms.hill_climbing,0,0.10706860706860707,0.1078838174273859,50,ball_mutation
<class 'problems.ANNOP.ANNOP'>,4844969056,algorithms.hill_climbing,0,0.11434511434511435,0.08713692946058091,50,ball_mutation
<class 'problems.ANNOP.ANNOP'>,4845038688,algorithms.hill_climbing,0,0.104989604989605,0.0912863070539419,50,ball_mutation
<class 'problems.ANNOP.ANNOP'>,4845037824,algorithms.hill_climbing,0,0.10083160083160084,0.07053941908713693,50,ball_mutation
<class 'problems.ANNOP.ANNOP'>,4845038256,algorithms.hill_climbing,0,0.10706860706860707,0.058091286307053944,50,ball_mutation
<class 'problems.ANNOP.ANNOP'>,4844969056,algorithms.hill_climbing,1,0.11434511434511435,0.08713692946058091,50,ball_mutation
<class 'problems.ANNOP.ANNOP'>,4845039120,algorithms.hill_climbing,1,0.10706860706860707,0.1078838174273859,50,ball_mutation
<class 'problems.ANNOP.ANNOP'>,4845038688,algorithms.hill_climbing,1,0.104989604989605,0.0912863070539419,50,ball_mutation
<class 'problems.ANNOP.ANNOP'>,4845037824,algorithms.hill_climbing,1,0.11122661122661123,0.0912863070539419,50,ball_mutation
<class 'problems.ANNOP.ANNOP'>,4845038256,algorithms.hill_climbing,1,0.10706860706860707,0.058091286307053944,50,ball_mutation
<class 'problems.ANNOP.ANNOP'>,4844969056,algorithms.hill_climbing,2,0.11434511434511435,0.08713692946058091,50,ball_mutation
<class 'problems.ANNOP.ANNOP'>,4845039120,algorithms.hill_climbing,2,0.10706860706860707,0.1078838174273859,50,ball_mutation
<class 'problems.ANNOP.ANNOP'>,4845038688,algorithms.hill_climbing,2,0.104989604989605,0.0912863070539419,50,ball_mutation
<class 'problems.ANNOP.ANNOP'>,4845037824,algorithms.hill_climbing,2,0.11122661122661123,0.0912863070539419,50,ball_mutation
<class 'problems.ANNOP.ANNOP'>,4845038256,algorithms.hill_climbing,2,0.10706860706860707,0.058091286307053944,50,ball_mutation
<class 'problems.ANNOP.ANNOP'>,4844969056,algorithms.hill_climbing,3,0.11434511434511435,0.08713692946058091,50,ball_mutation
<class 'problems.ANNOP.ANNOP'>,4845039120,algorithms.hill_climbing,3,0.10706860706860707,0.1078838174273859,50,ball_mutation
<class 'problems.ANNOP.ANNOP'>,4845038688,algorithms.hill_climbing,3,0.104989604989605,0.0912863070539419,50,ball_mutation
<class 'problems.ANNOP.ANNOP'>,4845038256,algorithms.hill_climbing,3,0.10706860706860707,0.058091286307053944,50,ball_mutation
<class 'problems.ANNOP.ANNOP'>,4845037824,algorithms.hill_climbing,3,0.11122661122661123,0.0912863070539419,50,ball_mutation
<class 'problems.ANNOP.ANNOP'>,4844969056,algorithms.hill_climbing,4,0.11434511434511435,0.08713692946058091,50,ball_mutation
<class 'problems.ANNOP.ANNOP'>,4845039120,algorithms.hill_climbing,4,0.10706860706860707,0.1078838174273859,50,ball_mutation
<class 'problems.ANNOP.ANNOP'>,4845038688,algorithms.hill_climbing,4,0.104989604989605,0.0912863070539419,50,ball_mutation
<class 'problems.ANNOP.ANNOP'>,4845037824,algorithms.hill_climbing,4,0.11122661122661123,0.0912863070539419,50,ball_mutation
<class 'problems.ANNOP.ANNOP'>,4845038256,algorithms.hill_climbing,4,0.10706860706860707,0.058091286307053944,50,ball_mutation
<class 'problems.ANNOP.ANNOP'>,4844969056,algorithms.hill_climbing,5,0.11434511434511435,0.08713692946058091,50,ball_mutation
<class 'problems.ANNOP.ANNOP'>,4845039120,algorithms.hill_climbing,5,0.10706860706860707,0.1078838174273859,50,ball_mutation
<class 'problems.ANNOP.ANNOP'>,4845038688,algorithms.hill_climbing,5,0.104989604989605,0.0912863070539419,50,ball_mutation
<class 'problems.ANNOP.ANNOP'>,4845038256,algorithms.hill_climbing,5,0.10706860706860707,0.058091286307053944,50,ball_mutation
<class 'problems.ANNOP.ANNOP'>,4845037824,algorithms.hill_climbing,5,0.11122661122661123,0.0912863070539419,50,ball_mutation
<class 'problems.ANNOP.ANNOP'>,4844969056,algorithms.hill_climbing,6,0.11434511434511435,0.08713692946058091,50,ball_mutation
<class 'problems.ANNOP.ANNOP'>,4845039120,algorithms.hill_climbing,6,0.10706860706860707,0.1078838174273859,50,ball_mutation
<class 'problems.ANNOP.ANNOP'>,4845038688,algorithms.hill_climbing,6,0.104989604989605,0.0912863070539419,50,ball_mutation
<class 'problems.ANNOP.ANNOP'>,4845038256,algorithms.hill_climbing,6,0.10706860706860707,0.058091286307053944,50,ball_mutation
<class 'problems.ANNOP.ANNOP'>,4845037824,algorithms.hill_climbing,6,0.11122661122661123,0.0912863070539419,50,ball_mutation
<class 'problems.ANNOP.ANNOP'>,4844969056,algorithms.hill_climbing,7,0.11434511434511435,0.08713692946058091,50,ball_mutation
<class 'problems.ANNOP.ANNOP'>,4845039120,algorithms.hill_climbing,7,0.10706860706860707,0.1078838174273859,50,ball_mutation
<class 'problems.ANNOP.ANNOP'>,4845038688,algorithms.hill_climbing,7,0.104989604989605,0.0912863070539419,50,ball_mutation
<class 'problems.ANNOP.ANNOP'>,4845037824,algorithms.hill_climbing,7,0.11122661122661123,0.0912863070539419,50,ball_mutation
<class 'problems.ANNOP.ANNOP'>,4845038256,algorithms.hill_climbing,7,0.10706860706860707,0.058091286307053944,50,ball_mutation
<class 'problems.ANNOP.ANNOP'>,4844969056,algorithms.hill_climbing,8,0.11434511434511435,0.08713692946058091,50,ball_mutation
<class 'problems.ANNOP.ANNOP'>,4845039120,algorithms.hill_climbing,8,0.10706860706860707,0.1078838174273859,50,ball_mutation
<class 'problems.ANNOP.ANNOP'>,4845038688,algorithms.hill_climbing,8,0.104989604989605,0.0912863070539419,50,ball_mutation
<class 'problems.ANNOP.ANNOP'>,4845037824,algorithms.hill_climbing,8,0.11122661122661123,0.0912863070539419,50,ball_mutation
<class 'problems.ANNOP.ANNOP'>,4845038256,algorithms.hill_climbing,8,0.10706860706860707,0.058091286307053944,50,ball_mutation
<class 'problems.ANNOP.ANNOP'>,4844969056,algorithms.hill_climbing,9,0.11434511434511435,0.08713692946058091,50,ball_mutation
<class 'problems.ANNOP.ANNOP'>,4845039120,algorithms.hill_climbing,9,0.10706860706860707,0.1078838174273859,50,ball_mutation
<class 'problems.ANNOP.ANNOP'>,4845038688,algorithms.hill_climbing,9,0.104989604989605,0.0912863070539419,50,ball_mutation
<class 'problems.ANNOP.ANNOP'>,4845037824,algorithms.hill_climbing,9,0.11122661122661123,0.0912863070539419,50,ball_mutation
<class 'problems.ANNOP.ANNOP'>,4845038256,algorithms.hill_climbing,9,0.10706860706860707,0.058091286307053944,50,ball_mutation
<class 'problems.ANNOP.ANNOP'>,4844969056,algorithms.hill_climbing,10,0.11434511434511435,0.08713692946058091,50,ball_mutation
<class 'problems.ANNOP.ANNOP'>,4845039120,algorithms.hill_climbing,10,0.10706860706860707,0.1078838174273859,50,ball_mutation
<class 'problems.ANNOP.ANNOP'>,4845038688,algorithms.hill_climbing,10,0.104989604989605,0.0912863070539419,50,ball_mutation
<class 'problems.ANNOP.ANNOP'>,4845037824,algorithms.hill_climbing,10,0.11122661122661123,0.0912863070539419,50,ball_mutation
<class 'problems.ANNOP.ANNOP'>,4845038256,algorithms.hill_climbing,10,0.10706860706860707,0.058091286307053944,50,ball_mutation
<class 'problems.ANNOP.ANNOP'>,4844969056,algorithms.hill_climbing,11,0.11434511434511435,0.08713692946058091,50,ball_mutation
<class 'problems.ANNOP.ANNOP'>,4845039120,algorithms.hill_climbing,11,0.10706860706860707,0.1078838174273859,50,ball_mutation
<class 'problems.ANNOP.ANNOP'>,4845038688,algorithms.hill_climbing,11,0.104989604989605,0.0912863070539419,50,ball_mutation
<class 'problems.ANNOP.ANNOP'>,4845037824,algorithms.hill_climbing,11,0.11122661122661123,0.0912863070539419,50,ball_mutation
<class 'problems.ANNOP.ANNOP'>,4845038256,algorithms.hill_climbing,11,0.10706860706860707,0.058091286307053944,50,ball_mutation
<class 'problems.ANNOP.ANNOP'>,4844969056,algorithms.hill_climbing,12,0.11434511434511435,0.08713692946058091,50,ball_mutation
<class 'problems.ANNOP.ANNOP'>,4845039120,algorithms.hill_climbing,12,0.10706860706860707,0.1078838174273859,50,ball_mutation
<class 'problems.ANNOP.ANNOP'>,4845038688,algorithms.hill_climbing,12,0.104989604989605,0.0912863070539419,50,ball_mutation
<class 'problems.ANNOP.ANNOP'>,4845037824,algorithms.hill_climbing,12,0.11122661122661123,0.0912863070539419,50,ball_mutation
<class 'problems.ANNOP.ANNOP'>,4845038256,algorithms.hill_climbing,12,0.10706860706860707,0.058091286307053944,50,ball_mutation
<class 'problems.ANNOP.ANNOP'>,4844969056,algorithms.hill_climbing,13,0.11434511434511435,0.08713692946058091,50,ball_mutation
<class 'problems.ANNOP.ANNOP'>,4845039120,algorithms.hill_climbing,13,0.10706860706860707,0.1078838174273859,50,ball_mutation
<class 'problems.ANNOP.ANNOP'>,4845038688,algorithms.hill_climbing,13,0.104989604989605,0.0912863070539419,50,ball_mutation
<class 'problems.ANNOP.ANNOP'>,4845037824,algorithms.hill_climbing,13,0.11122661122661123,0.0912863070539419,50,ball_mutation
<class 'problems.ANNOP.ANNOP'>,4845038256,algorithms.hill_climbing,13,0.10706860706860707,0.058091286307053944,50,ball_mutation
<class 'problems.ANNOP.ANNOP'>,4844969056,algorithms.hill_climbing,14,0.11434511434511435,0.08713692946058091,50,ball_mutation
<class 'problems.ANNOP.ANNOP'>,4845039120,algorithms.hill_climbing,14,0.10706860706860707,0.1078838174273859,50,ball_mutation
<class 'problems.ANNOP.ANNOP'>,4845038688,algorithms.hill_climbing,14,0.104989604989605,0.0912863070539419,50,ball_mutation
<class 'problems.ANNOP.ANNOP'>,4845037824,algorithms.hill_climbing,14,0.11122661122661123,0.0912863070539419,50,ball_mutation
<class 'problems.ANNOP.ANNOP'>,4845038256,algorithms.hill_climbing,14,0.10706860706860707,0.058091286307053944,50,ball_mutation
<class 'problems.ANNOP.ANNOP'>,4844969056,algorithms.hill_climbing,15,0.11434511434511435,0.08713692946058091,50,ball_mutation
<class 'problems.ANNOP.ANNOP'>,4845039120,algorithms.hill_climbing,15,0.10706860706860707,0.1078838174273859,50,ball_mutation
<class 'problems.ANNOP.ANNOP'>,4845038688,algorithms.hill_climbing,15,0.104989604989605,0.0912863070539419,50,ball_mutation
<class 'problems.ANNOP.ANNOP'>,4845037824,algorithms.hill_climbing,15,0.11122661122661123,0.0912863070539419,50,ball_mutation
<class 'problems.ANNOP.ANNOP'>,4845038256,algorithms.hill_climbing,15,0.10706860706860707,0.058091286307053944,50,ball_mutation
<class 'problems.ANNOP.ANNOP'>,4844969056,algorithms.hill_climbing,16,0.11434511434511435,0.08713692946058091,50,ball_mutation
<class 'problems.ANNOP.ANNOP'>,4845039120,algorithms.hill_climbing,16,0.10706860706860707,0.1078838174273859,50,ball_mutation
<class 'problems.ANNOP.ANNOP'>,4845038688,algorithms.hill_climbing,16,0.104989604989605,0.0912863070539419,50,ball_mutation
<class 'problems.ANNOP.ANNOP'>,4845037824,algorithms.hill_climbing,16,0.11122661122661123,0.0912863070539419,50,ball_mutation
<class 'problems.ANNOP.ANNOP'>,4845038256,algorithms.hill_climbing,16,0.10706860706860707,0.058091286307053944,50,ball_mutation
<class 'problems.ANNOP.ANNOP'>,4844969056,algorithms.hill_climbing,17,0.11434511434511435,0.08713692946058091,50,ball_mutation
<class 'problems.ANNOP.ANNOP'>,4845039120,algorithms.hill_climbing,17,0.10706860706860707,0.1078838174273859,50,ball_mutation
<class 'problems.ANNOP.ANNOP'>,4845038688,algorithms.hill_climbing,17,0.104989604989605,0.0912863070539419,50,ball_mutation
<class 'problems.ANNOP.ANNOP'>,4845037824,algorithms.hill_climbing,17,0.11122661122661123,0.0912863070539419,50,ball_mutation
<class 'problems.ANNOP.ANNOP'>,4845038256,algorithms.hill_climbing,17,0.10706860706860707,0.058091286307053944,50,ball_mutation
<class 'problems.ANNOP.ANNOP'>,4844969056,algorithms.hill_climbing,18,0.11434511434511435,0.08713692946058091,50,ball_mutation
<class 'problems.ANNOP.ANNOP'>,4845039120,algorithms.hill_climbing,18,0.10706860706860707,0.1078838174273859,50,ball_mutation
<class 'problems.ANNOP.ANNOP'>,4845038688,algorithms.hill_climbing,18,0.104989604989605,0.0912863070539419,50,ball_mutation
<class 'problems.ANNOP.ANNOP'>,4845037824,algorithms.hill_climbing,18,0.11122661122661123,0.0912863070539419,50,ball_mutation
<class 'problems.ANNOP.ANNOP'>,4845038256,algorithms.hill_climbing,18,0.10706860706860707,0.058091286307053944,50,ball_mutation
<class 'problems.ANNOP.ANNOP'>,4844969056,algorithms.hill_climbing,19,0.11434511434511435,0.08713692946058091,50,ball_mutation
<class 'problems.ANNOP.ANNOP'>,4845039120,algorithms.hill_climbing,19,0.10706860706860707,0.1078838174273859,50,ball_mutation
<class 'problems.ANNOP.ANNOP'>,4845038688,algorithms.hill_climbing,19,0.104989604989605,0.0912863070539419,50,ball_mutation
<class 'problems.ANNOP.ANNOP'>,4845037824,algorithms.hill_climbing,19,0.11122661122661123,0.0912863070539419,50,ball_mutation
<class 'problems.ANNOP.ANNOP'>,4845038256,algorithms.hill_climbing,19,0.10706860706860707,0.058091286307053944,50,ball_mutation
<class 'problems.ANNOP.ANNOP'>,4844969056,algorithms.hill_climbing,20,0.11434511434511435,0.08713692946058091,50,ball_mutation
<class 'problems.ANNOP.ANNOP'>,4845039120,algorithms.hill_climbing,20,0.10706860706860707,0.1078838174273859,50,ball_mutation
<class 'problems.ANNOP.ANNOP'>,4845038688,algorithms.hill_climbing,20,0.104989604989605,0.0912863070539419,50,ball_mutation
<class 'problems.ANNOP.ANNOP'>,4845038256,algorithms.hill_climbing,20,0.10706860706860707,0.058091286307053944,50,ball_mutation
<class 'problems.ANNOP.ANNOP'>,4845037824,algorithms.hill_climbing,20,0.11122661122661123,0.0912863070539419,50,ball_mutation
<class 'problems.ANNOP.ANNOP'>,4844969056,algorithms.hill_climbing,21,0.11434511434511435,0.08713692946058091,50,ball_mutation
<class 'problems.ANNOP.ANNOP'>,4845039120,algorithms.hill_climbing,21,0.10706860706860707,0.1078838174273859,50,ball_mutation
<class 'problems.ANNOP.ANNOP'>,4845038688,algorithms.hill_climbing,21,0.104989604989605,0.0912863070539419,50,ball_mutation
<class 'problems.ANNOP.ANNOP'>,4845038256,algorithms.hill_climbing,21,0.10706860706860707,0.058091286307053944,50,ball_mutation
<class 'problems.ANNOP.ANNOP'>,4845037824,algorithms.hill_climbing,21,0.11122661122661123,0.0912863070539419,50,ball_mutation
<class 'problems.ANNOP.ANNOP'>,4844969056,algorithms.hill_climbing,22,0.11434511434511435,0.08713692946058091,50,ball_mutation
<class 'problems.ANNOP.ANNOP'>,4845039120,algorithms.hill_climbing,22,0.10706860706860707,0.1078838174273859,50,ball_mutation
<class 'problems.ANNOP.ANNOP'>,4845038688,algorithms.hill_climbing,22,0.104989604989605,0.0912863070539419,50,ball_mutation
<class 'problems.ANNOP.ANNOP'>,4845038256,algorithms.hill_climbing,22,0.10706860706860707,0.058091286307053944,50,ball_mutation
<class 'problems.ANNOP.ANNOP'>,4845037824,algorithms.hill_climbing,22,0.11122661122661123,0.0912863070539419,50,ball_mutation
<class 'problems.ANNOP.ANNOP'>,4844969056,algorithms.hill_climbing,23,0.11434511434511435,0.08713692946058091,50,ball_mutation
<class 'problems.ANNOP.ANNOP'>,4845039120,algorithms.hill_climbing,23,0.10706860706860707,0.1078838174273859,50,ball_mutation
<class 'problems.ANNOP.ANNOP'>,4845038688,algorithms.hill_climbing,23,0.104989604989605,0.0912863070539419,50,ball_mutation
<class 'problems.ANNOP.ANNOP'>,4845038256,algorithms.hill_climbing,23,0.10706860706860707,0.058091286307053944,50,ball_mutation
<class 'problems.ANNOP.ANNOP'>,4845037824,algorithms.hill_climbing,23,0.11122661122661123,0.0912863070539419,50,ball_mutation
<class 'problems.ANNOP.ANNOP'>,4844969056,algorithms.hill_climbing,24,0.11434511434511435,0.08713692946058091,50,ball_mutation
<class 'problems.ANNOP.ANNOP'>,4845039120,algorithms.hill_climbing,24,0.10706860706860707,0.1078838174273859,50,ball_mutation
<class 'problems.ANNOP.ANNOP'>,4845038688,algorithms.hill_climbing,24,0.104989604989605,0.0912863070539419,50,ball_mutation
<class 'problems.ANNOP.ANNOP'>,4845038256,algorithms.hill_climbing,24,0.10706860706860707,0.058091286307053944,50,ball_mutation
<class 'problems.ANNOP.ANNOP'>,4845037824,algorithms.hill_climbing,24,0.11122661122661123,0.0912863070539419,50,ball_mutation
<class 'problems.ANNOP.ANNOP'>,4844969056,algorithms.hill_climbing,25,0.11434511434511435,0.08713692946058091,50,ball_mutation
<class 'problems.ANNOP.ANNOP'>,4845039120,algorithms.hill_climbing,25,0.10706860706860707,0.1078838174273859,50,ball_mutation
<class 'problems.ANNOP.ANNOP'>,4845038688,algorithms.hill_climbing,25,0.104989604989605,0.0912863070539419,50,ball_mutation
<class 'problems.ANNOP.ANNOP'>,4845038256,algorithms.hill_climbing,25,0.10706860706860707,0.058091286307053944,50,ball_mutation
<class 'problems.ANNOP.ANNOP'>,4845037824,algorithms.hill_climbing,25,0.11122661122661123,0.0912863070539419,50,ball_mutation
<class 'problems.ANNOP.ANNOP'>,4844969056,algorithms.hill_climbing,26,0.11434511434511435,0.08713692946058091,50,ball_mutation
<class 'problems.ANNOP.ANNOP'>,4845039120,algorithms.hill_climbing,26,0.10706860706860707,0.1078838174273859,50,ball_mutation
<class 'problems.ANNOP.ANNOP'>,4845038688,algorithms.hill_climbing,26,0.104989604989605,0.0912863070539419,50,ball_mutation
<class 'problems.ANNOP.ANNOP'>,4845038256,algorithms.hill_climbing,26,0.10706860706860707,0.058091286307053944,50,ball_mutation
<class 'problems.ANNOP.ANNOP'>,4845037824,algorithms.hill_climbing,26,0.11122661122661123,0.0912863070539419,50,ball_mutation
<class 'problems.ANNOP.ANNOP'>,4844969056,algorithms.hill_climbing,27,0.11434511434511435,0.08713692946058091,50,ball_mutation
<class 'problems.ANNOP.ANNOP'>,4845039120,algorithms.hill_climbing,27,0.10706860706860707,0.1078838174273859,50,ball_mutation
<class 'problems.ANNOP.ANNOP'>,4845038688,algorithms.hill_climbing,27,0.104989604989605,0.0912863070539419,50,ball_mutation
<class 'problems.ANNOP.ANNOP'>,4845038256,algorithms.hill_climbing,27,0.10706860706860707,0.058091286307053944,50,ball_mutation
<class 'problems.ANNOP.ANNOP'>,4845037824,algorithms.hill_climbing,27,0.11122661122661123,0.0912863070539419,50,ball_mutation
<class 'problems.ANNOP.ANNOP'>,4844969056,algorithms.hill_climbing,28,0.11434511434511435,0.08713692946058091,50,ball_mutation
<class 'problems.ANNOP.ANNOP'>,4845039120,algorithms.hill_climbing,28,0.10706860706860707,0.1078838174273859,50,ball_mutation
<class 'problems.ANNOP.ANNOP'>,4845038688,algorithms.hill_climbing,28,0.104989604989605,0.0912863070539419,50,ball_mutation
<class 'problems.ANNOP.ANNOP'>,4845038256,algorithms.hill_climbing,28,0.10706860706860707,0.058091286307053944,50,ball_mutation
<class 'problems.ANNOP.ANNOP'>,4845037824,algorithms.hill_climbing,28,0.11122661122661123,0.0912863070539419,50,ball_mutation
<class 'problems.ANNOP.ANNOP'>,4844969056,algorithms.hill_climbing,29,0.11434511434511435,0.08713692946058091,50,ball_mutation
<class 'problems.ANNOP.ANNOP'>,4845039120,algorithms.hill_climbing,29,0.10706860706860707,0.1078838174273859,50,ball_mutation
<class 'problems.ANNOP.ANNOP'>,4845038688,algorithms.hill_climbing,29,0.104989604989605,0.0912863070539419,50,ball_mutation
<class 'problems.ANNOP.ANNOP'>,4845038256,algorithms.hill_climbing,29,0.10706860706860707,0.058091286307053944,50,ball_mutation
<class 'problems.ANNOP.ANNOP'>,4845037824,algorithms.hill_climbing,29,0.11122661122661123,0.0912863070539419,50,ball_mutation
<class 'problems.ANNOP.ANNOP'>,4844969056,algorithms.hill_climbing,30,0.11434511434511435,0.08713692946058091,50,ball_mutation
<class 'problems.ANNOP.ANNOP'>,4845039120,algorithms.hill_climbing,30,0.10706860706860707,0.1078838174273859,50,ball_mutation
<class 'problems.ANNOP.ANNOP'>,4845038688,algorithms.hill_climbing,30,0.104989604989605,0.0912863070539419,50,ball_mutation
<class 'problems.ANNOP.ANNOP'>,4845038256,algorithms.hill_climbing,30,0.10706860706860707,0.058091286307053944,50,ball_mutation
<class 'problems.ANNOP.ANNOP'>,4845037824,algorithms.hill_climbing,30,0.11122661122661123,0.0912863070539419,50,ball_mutation
<class 'problems.ANNOP.ANNOP'>,4844969056,algorithms.hill_climbing,31,0.11434511434511435,0.08713692946058091,50,ball_mutation
<class 'problems.ANNOP.ANNOP'>,4845039120,algorithms.hill_climbing,31,0.10706860706860707,0.1078838174273859,50,ball_mutation
<class 'problems.ANNOP.ANNOP'>,4845038688,algorithms.hill_climbing,31,0.104989604989605,0.0912863070539419,50,ball_mutation
<class 'problems.ANNOP.ANNOP'>,4845038256,algorithms.hill_climbing,31,0.10706860706860707,0.058091286307053944,50,ball_mutation
<class 'problems.ANNOP.ANNOP'>,4845037824,algorithms.hill_climbing,31,0.11122661122661123,0.0912863070539419,50,ball_mutation
<class 'problems.ANNOP.ANNOP'>,4844969056,algorithms.hill_climbing,32,0.11434511434511435,0.08713692946058091,50,ball_mutation
<class 'problems.ANNOP.ANNOP'>,4845039120,algorithms.hill_climbing,32,0.10706860706860707,0.1078838174273859,50,ball_mutation
<class 'problems.ANNOP.ANNOP'>,4845038688,algorithms.hill_climbing,32,0.104989604989605,0.0912863070539419,50,ball_mutation
<class 'problems.ANNOP.ANNOP'>,4845038256,algorithms.hill_climbing,32,0.10706860706860707,0.058091286307053944,50,ball_mutation
<class 'problems.ANNOP.ANNOP'>,4845037824,algorithms.hill_climbing,32,0.11122661122661123,0.0912863070539419,50,ball_mutation
<class 'problems.ANNOP.ANNOP'>,4844969056,algorithms.hill_climbing,33,0.11434511434511435,0.08713692946058091,50,ball_mutation
<class 'problems.ANNOP.ANNOP'>,4845039120,algorithms.hill_climbing,33,0.10706860706860707,0.1078838174273859,50,ball_mutation
<class 'problems.ANNOP.ANNOP'>,4845038688,algorithms.hill_climbing,33,0.104989604989605,0.0912863070539419,50,ball_mutation
<class 'problems.ANNOP.ANNOP'>,4845038256,algorithms.hill_climbing,33,0.10706860706860707,0.058091286307053944,50,ball_mutation
<class 'problems.ANNOP.ANNOP'>,4845037824,algorithms.hill_climbing,33,0.11122661122661123,0.0912863070539419,50,ball_mutation
<class 'problems.ANNOP.ANNOP'>,4844969056,algorithms.hill_climbing,34,0.11434511434511435,0.08713692946058091,50,ball_mutation
<class 'problems.ANNOP.ANNOP'>,4845039120,algorithms.hill_climbing,34,0.10706860706860707,0.1078838174273859,50,ball_mutation
<class 'problems.ANNOP.ANNOP'>,4845038688,algorithms.hill_climbing,34,0.104989604989605,0.0912863070539419,50,ball_mutation
<class 'problems.ANNOP.ANNOP'>,4845038256,algorithms.hill_climbing,34,0.10706860706860707,0.058091286307053944,50,ball_mutation
<class 'problems.ANNOP.ANNOP'>,4845037824,algorithms.hill_climbing,34,0.11122661122661123,0.0912863070539419,50,ball_mutation
<class 'problems.ANNOP.ANNOP'>,4844969056,algorithms.hill_climbing,35,0.11434511434511435,0.08713692946058091,50,ball_mutation
<class 'problems.ANNOP.ANNOP'>,4845039120,algorithms.hill_climbing,35,0.10706860706860707,0.1078838174273859,50,ball_mutation
<class 'problems.ANNOP.ANNOP'>,4845038688,algorithms.hill_climbing,35,0.104989604989605,0.0912863070539419,50,ball_mutation
<class 'problems.ANNOP.ANNOP'>,4845038256,algorithms.hill_climbing,35,0.10706860706860707,0.058091286307053944,50,ball_mutation
<class 'problems.ANNOP.ANNOP'>,4845037824,algorithms.hill_climbing,35,0.11122661122661123,0.0912863070539419,50,ball_mutation
<class 'problems.ANNOP.ANNOP'>,4844969056,algorithms.hill_climbing,36,0.11434511434511435,0.08713692946058091,50,ball_mutation
<class 'problems.ANNOP.ANNOP'>,4845039120,algorithms.hill_climbing,36,0.10706860706860707,0.1078838174273859,50,ball_mutation
<class 'problems.ANNOP.ANNOP'>,4845038688,algorithms.hill_climbing,36,0.104989604989605,0.0912863070539419,50,ball_mutation
<class 'problems.ANNOP.ANNOP'>,4845038256,algorithms.hill_climbing,36,0.10706860706860707,0.058091286307053944,50,ball_mutation
<class 'problems.ANNOP.ANNOP'>,4845037824,algorithms.hill_climbing,36,0.11122661122661123,0.0912863070539419,50,ball_mutation
<class 'problems.ANNOP.ANNOP'>,4844969056,algorithms.hill_climbing,37,0.11434511434511435,0.08713692946058091,50,ball_mutation
<class 'problems.ANNOP.ANNOP'>,4845039120,algorithms.hill_climbing,37,0.10706860706860707,0.1078838174273859,50,ball_mutation
<class 'problems.ANNOP.ANNOP'>,4845038688,algorithms.hill_climbing,37,0.104989604989605,0.0912863070539419,50,ball_mutation
<class 'problems.ANNOP.ANNOP'>,4845038256,algorithms.hill_climbing,37,0.10706860706860707,0.058091286307053944,50,ball_mutation
<class 'problems.ANNOP.ANNOP'>,4845037824,algorithms.hill_climbing,37,0.11122661122661123,0.0912863070539419,50,ball_mutation
<class 'problems.ANNOP.ANNOP'>,4844969056,algorithms.hill_climbing,38,0.11434511434511435,0.08713692946058091,50,ball_mutation
<class 'problems.ANNOP.ANNOP'>,4845039120,algorithms.hill_climbing,38,0.10706860706860707,0.1078838174273859,50,ball_mutation
<class 'problems.ANNOP.ANNOP'>,4845038688,algorithms.hill_climbing,38,0.104989604989605,0.0912863070539419,50,ball_mutation
<class 'problems.ANNOP.ANNOP'>,4845038256,algorithms.hill_climbing,38,0.10706860706860707,0.058091286307053944,50,ball_mutation
<class 'problems.ANNOP.ANNOP'>,4845037824,algorithms.hill_climbing,38,0.11122661122661123,0.0912863070539419,50,ball_mutation
<class 'problems.ANNOP.ANNOP'>,4844969056,algorithms.hill_climbing,39,0.11434511434511435,0.08713692946058091,50,ball_mutation
<class 'problems.ANNOP.ANNOP'>,4845039120,algorithms.hill_climbing,39,0.10706860706860707,0.1078838174273859,50,ball_mutation
<class 'problems.ANNOP.ANNOP'>,4845038688,algorithms.hill_climbing,39,0.104989604989605,0.0912863070539419,50,ball_mutation
<class 'problems.ANNOP.ANNOP'>,4845038256,algorithms.hill_climbing,39,0.10706860706860707,0.058091286307053944,50,ball_mutation
<class 'problems.ANNOP.ANNOP'>,4845037824,algorithms.hill_climbing,39,0.11122661122661123,0.0912863070539419,50,ball_mutation
<class 'problems.ANNOP.ANNOP'>,4844969056,algorithms.hill_climbing,40,0.11434511434511435,0.08713692946058091,50,ball_mutation
<class 'problems.ANNOP.ANNOP'>,4845039120,algorithms.hill_climbing,40,0.10706860706860707,0.1078838174273859,50,ball_mutation
<class 'problems.ANNOP.ANNOP'>,4845038688,algorithms.hill_climbing,40,0.104989604989605,0.0912863070539419,50,ball_mutation
<class 'problems.ANNOP.ANNOP'>,4845037824,algorithms.hill_climbing,40,0.11122661122661123,0.0912863070539419,50,ball_mutation
<class 'problems.ANNOP.ANNOP'>,4845038256,algorithms.hill_climbing,40,0.10706860706860707,0.058091286307053944,50,ball_mutation
<class 'problems.ANNOP.ANNOP'>,4844969056,algorithms.hill_climbing,41,0.11434511434511435,0.08713692946058091,50,ball_mutation
<class 'problems.ANNOP.ANNOP'>,4845039120,algorithms.hill_climbing,41,0.10706860706860707,0.1078838174273859,50,ball_mutation
<class 'problems.ANNOP.ANNOP'>,4845038688,algorithms.hill_climbing,41,0.104989604989605,0.0912863070539419,50,ball_mutation
<class 'problems.ANNOP.ANNOP'>,4845037824,algorithms.hill_climbing,41,0.11122661122661123,0.0912863070539419,50,ball_mutation
<class 'problems.ANNOP.ANNOP'>,4845038256,algorithms.hill_climbing,41,0.10706860706860707,0.058091286307053944,50,ball_mutation
<class 'problems.ANNOP.ANNOP'>,4844969056,algorithms.hill_climbing,42,0.11434511434511435,0.08713692946058091,50,ball_mutation
<class 'problems.ANNOP.ANNOP'>,4845039120,algorithms.hill_climbing,42,0.10706860706860707,0.1078838174273859,50,ball_mutation
<class 'problems.ANNOP.ANNOP'>,4845038688,algorithms.hill_climbing,42,0.104989604989605,0.0912863070539419,50,ball_mutation
<class 'problems.ANNOP.ANNOP'>,4845037824,algorithms.hill_climbing,42,0.11122661122661123,0.0912863070539419,50,ball_mutation
<class 'problems.ANNOP.ANNOP'>,4845038256,algorithms.hill_climbing,42,0.10706860706860707,0.058091286307053944,50,ball_mutation
<class 'problems.ANNOP.ANNOP'>,4844969056,algorithms.hill_climbing,43,0.11434511434511435,0.08713692946058091,50,ball_mutation
<class 'problems.ANNOP.ANNOP'>,4845039120,algorithms.hill_climbing,43,0.10706860706860707,0.1078838174273859,50,ball_mutation
<class 'problems.ANNOP.ANNOP'>,4845038688,algorithms.hill_climbing,43,0.10602910602910603,0.07883817427385892,50,ball_mutation
<class 'problems.ANNOP.ANNOP'>,4845037824,algorithms.hill_climbing,43,0.11122661122661123,0.0912863070539419,50,ball_mutation
<class 'problems.ANNOP.ANNOP'>,4845038256,algorithms.hill_climbing,43,0.10706860706860707,0.058091286307053944,50,ball_mutation
<class 'problems.ANNOP.ANNOP'>,4844969056,algorithms.hill_climbing,44,0.11434511434511435,0.08713692946058091,50,ball_mutation
<class 'problems.ANNOP.ANNOP'>,4845039120,algorithms.hill_climbing,44,0.10706860706860707,0.1078838174273859,50,ball_mutation
<class 'problems.ANNOP.ANNOP'>,4845038688,algorithms.hill_climbing,44,0.10602910602910603,0.07883817427385892,50,ball_mutation
<class 'problems.ANNOP.ANNOP'>,4845037824,algorithms.hill_climbing,44,0.11122661122661123,0.0912863070539419,50,ball_mutation
<class 'problems.ANNOP.ANNOP'>,4845038256,algorithms.hill_climbing,44,0.10706860706860707,0.058091286307053944,50,ball_mutation
<class 'problems.ANNOP.ANNOP'>,4844969056,algorithms.hill_climbing,45,0.11434511434511435,0.08713692946058091,50,ball_mutation
<class 'problems.ANNOP.ANNOP'>,4845039120,algorithms.hill_climbing,45,0.10706860706860707,0.1078838174273859,50,ball_mutation
<class 'problems.ANNOP.ANNOP'>,4845038688,algorithms.hill_climbing,45,0.10602910602910603,0.07883817427385892,50,ball_mutation
<class 'problems.ANNOP.ANNOP'>,4845037824,algorithms.hill_climbing,45,0.11122661122661123,0.0912863070539419,50,ball_mutation
<class 'problems.ANNOP.ANNOP'>,4845038256,algorithms.hill_climbing,45,0.10706860706860707,0.058091286307053944,50,ball_mutation
<class 'problems.ANNOP.ANNOP'>,4844969056,algorithms.hill_climbing,46,0.11434511434511435,0.08713692946058091,50,ball_mutation
<class 'problems.ANNOP.ANNOP'>,4845039120,algorithms.hill_climbing,46,0.10706860706860707,0.1078838174273859,50,ball_mutation
<class 'problems.ANNOP.ANNOP'>,4845038688,algorithms.hill_climbing,46,0.10602910602910603,0.07883817427385892,50,ball_mutation
<class 'problems.ANNOP.ANNOP'>,4845038256,algorithms.hill_climbing,46,0.10706860706860707,0.058091286307053944,50,ball_mutation
<class 'problems.ANNOP.ANNOP'>,4845037824,algorithms.hill_climbing,46,0.11122661122661123,0.0912863070539419,50,ball_mutation
<class 'problems.ANNOP.ANNOP'>,4844969056,algorithms.hill_climbing,47,0.11434511434511435,0.08713692946058091,50,ball_mutation
<class 'problems.ANNOP.ANNOP'>,4845039120,algorithms.hill_climbing,47,0.10706860706860707,0.1078838174273859,50,ball_mutation
<class 'problems.ANNOP.ANNOP'>,4845038688,algorithms.hill_climbing,47,0.10602910602910603,0.07883817427385892,50,ball_mutation
<class 'problems.ANNOP.ANNOP'>,4845038256,algorithms.hill_climbing,47,0.10706860706860707,0.058091286307053944,50,ball_mutation
<class 'problems.ANNOP.ANNOP'>,4845037824,algorithms.hill_climbing,47,0.11122661122661123,0.0912863070539419,50,ball_mutation
<class 'problems.ANNOP.ANNOP'>,4844969056,algorithms.hill_climbing,48,0.11434511434511435,0.08713692946058091,50,ball_mutation
<class 'problems.ANNOP.ANNOP'>,4845039120,algorithms.hill_climbing,48,0.10706860706860707,0.1078838174273859,50,ball_mutation
<class 'problems.ANNOP.ANNOP'>,4845038688,algorithms.hill_climbing,48,0.10602910602910603,0.07883817427385892,50,ball_mutation
<class 'problems.ANNOP.ANNOP'>,4845038256,algorithms.hill_climbing,48,0.10706860706860707,0.058091286307053944,50,ball_mutation
<class 'problems.ANNOP.ANNOP'>,4845037824,algorithms.hill_climbing,48,0.11122661122661123,0.0912863070539419,50,ball_mutation
<class 'problems.ANNOP.ANNOP'>,4844969056,algorithms.hill_climbing,49,0.11434511434511435,0.08713692946058091,50,ball_mutation
<class 'problems.ANNOP.ANNOP'>,4845039120,algorithms.hill_climbing,49,0.10706860706860707,0.1078838174273859,50,ball_mutation
<class 'problems.ANNOP.ANNOP'>,4845038688,algorithms.hill_climbing,49,0.10602910602910603,0.07883817427385892,50,ball_mutation
<class 'problems.ANNOP.ANNOP'>,4845038256,algorithms.hill_climbing,49,0.10706860706860707,0.058091286307053944,50,ball_mutation
<class 'problems.ANNOP.ANNOP'>,4845037824,algorithms.hill_climbing,49,0.11122661122661123,0.0912863070539419,50,ball_mutation
<class 'problems.ANNOP.ANNOP'>,4844969056,algorithms.hill_climbing,50,0.11434511434511435,0.08713692946058091,50,ball_mutation
<class 'problems.ANNOP.ANNOP'>,4845039120,algorithms.hill_climbing,50,0.10706860706860707,0.1078838174273859,50,ball_mutation
<class 'problems.ANNOP.ANNOP'>,4845038688,algorithms.hill_climbing,50,0.10602910602910603,0.07883817427385892,50,ball_mutation
<class 'problems.ANNOP.ANNOP'>,4845038256,algorithms.hill_climbing,50,0.10706860706860707,0.058091286307053944,50,ball_mutation
<class 'problems.ANNOP.ANNOP'>,4845037824,algorithms.hill_climbing,50,0.11122661122661123,0.0912863070539419,50,ball_mutation
<class 'problems.ANNOP.ANNOP'>,4844969056,algorithms.hill_climbing,51,0.11434511434511435,0.08713692946058091,50,ball_mutation
<class 'problems.ANNOP.ANNOP'>,4845039120,algorithms.hill_climbing,51,0.10706860706860707,0.1078838174273859,50,ball_mutation
<class 'problems.ANNOP.ANNOP'>,4845038688,algorithms.hill_climbing,51,0.10602910602910603,0.07883817427385892,50,ball_mutation
<class 'problems.ANNOP.ANNOP'>,4845038256,algorithms.hill_climbing,51,0.10706860706860707,0.058091286307053944,50,ball_mutation
<class 'problems.ANNOP.ANNOP'>,4845037824,algorithms.hill_climbing,51,0.11122661122661123,0.0912863070539419,50,ball_mutation
<class 'problems.ANNOP.ANNOP'>,4844969056,algorithms.hill_climbing,52,0.11434511434511435,0.08713692946058091,50,ball_mutation
<class 'problems.ANNOP.ANNOP'>,4845039120,algorithms.hill_climbing,52,0.10706860706860707,0.1078838174273859,50,ball_mutation
<class 'problems.ANNOP.ANNOP'>,4845038688,algorithms.hill_climbing,52,0.10602910602910603,0.07883817427385892,50,ball_mutation
<class 'problems.ANNOP.ANNOP'>,4845038256,algorithms.hill_climbing,52,0.10706860706860707,0.058091286307053944,50,ball_mutation
<class 'problems.ANNOP.ANNOP'>,4845037824,algorithms.hill_climbing,52,0.11122661122661123,0.0912863070539419,50,ball_mutation
<class 'problems.ANNOP.ANNOP'>,4844969056,algorithms.hill_climbing,53,0.11434511434511435,0.08713692946058091,50,ball_mutation
<class 'problems.ANNOP.ANNOP'>,4845039120,algorithms.hill_climbing,53,0.10706860706860707,0.1078838174273859,50,ball_mutation
<class 'problems.ANNOP.ANNOP'>,4845038688,algorithms.hill_climbing,53,0.10602910602910603,0.07883817427385892,50,ball_mutation
<class 'problems.ANNOP.ANNOP'>,4845038256,algorithms.hill_climbing,53,0.10706860706860707,0.058091286307053944,50,ball_mutation
<class 'problems.ANNOP.ANNOP'>,4845037824,algorithms.hill_climbing,53,0.11122661122661123,0.0912863070539419,50,ball_mutation
<class 'problems.ANNOP.ANNOP'>,4844969056,algorithms.hill_climbing,54,0.11434511434511435,0.08713692946058091,50,ball_mutation
<class 'problems.ANNOP.ANNOP'>,4845039120,algorithms.hill_climbing,54,0.11330561330561331,0.07883817427385892,50,ball_mutation
<class 'problems.ANNOP.ANNOP'>,4845038688,algorithms.hill_climbing,54,0.10602910602910603,0.07883817427385892,50,ball_mutation
<class 'problems.ANNOP.ANNOP'>,4845038256,algorithms.hill_climbing,54,0.10706860706860707,0.058091286307053944,50,ball_mutation
<class 'problems.ANNOP.ANNOP'>,4845037824,algorithms.hill_climbing,54,0.11122661122661123,0.0912863070539419,50,ball_mutation
<class 'problems.ANNOP.ANNOP'>,4844969056,algorithms.hill_climbing,55,0.11434511434511435,0.08713692946058091,50,ball_mutation
<class 'problems.ANNOP.ANNOP'>,4845039120,algorithms.hill_climbing,55,0.11330561330561331,0.07883817427385892,50,ball_mutation
<class 'problems.ANNOP.ANNOP'>,4845038688,algorithms.hill_climbing,55,0.10602910602910603,0.07883817427385892,50,ball_mutation
<class 'problems.ANNOP.ANNOP'>,4845038256,algorithms.hill_climbing,55,0.10706860706860707,0.058091286307053944,50,ball_mutation
<class 'problems.ANNOP.ANNOP'>,4845037824,algorithms.hill_climbing,55,0.11122661122661123,0.0912863070539419,50,ball_mutation
<class 'problems.ANNOP.ANNOP'>,4844969056,algorithms.hill_climbing,56,0.11434511434511435,0.08713692946058091,50,ball_mutation
<class 'problems.ANNOP.ANNOP'>,4845039120,algorithms.hill_climbing,56,0.11330561330561331,0.07883817427385892,50,ball_mutation
<class 'problems.ANNOP.ANNOP'>,4845038688,algorithms.hill_climbing,56,0.10602910602910603,0.07883817427385892,50,ball_mutation
<class 'problems.ANNOP.ANNOP'>,4845038256,algorithms.hill_climbing,56,0.10706860706860707,0.058091286307053944,50,ball_mutation
<class 'problems.ANNOP.ANNOP'>,4845037824,algorithms.hill_climbing,56,0.11122661122661123,0.0912863070539419,50,ball_mutation
<class 'problems.ANNOP.ANNOP'>,4844969056,algorithms.hill_climbing,57,0.11434511434511435,0.08713692946058091,50,ball_mutation
<class 'problems.ANNOP.ANNOP'>,4845039120,algorithms.hill_climbing,57,0.11330561330561331,0.07883817427385892,50,ball_mutation
<class 'problems.ANNOP.ANNOP'>,4845038688,algorithms.hill_climbing,57,0.10602910602910603,0.07883817427385892,50,ball_mutation
<class 'problems.ANNOP.ANNOP'>,4845038256,algorithms.hill_climbing,57,0.10706860706860707,0.058091286307053944,50,ball_mutation
<class 'problems.ANNOP.ANNOP'>,4845037824,algorithms.hill_climbing,57,0.11122661122661123,0.0912863070539419,50,ball_mutation
<class 'problems.ANNOP.ANNOP'>,4844969056,algorithms.hill_climbing,58,0.11434511434511435,0.08713692946058091,50,ball_mutation
<class 'problems.ANNOP.ANNOP'>,4845039120,algorithms.hill_climbing,58,0.11330561330561331,0.07883817427385892,50,ball_mutation
<class 'problems.ANNOP.ANNOP'>,4845038688,algorithms.hill_climbing,58,0.10602910602910603,0.07883817427385892,50,ball_mutation
<class 'problems.ANNOP.ANNOP'>,4845038256,algorithms.hill_climbing,58,0.10706860706860707,0.058091286307053944,50,ball_mutation
<class 'problems.ANNOP.ANNOP'>,4845037824,algorithms.hill_climbing,58,0.11122661122661123,0.0912863070539419,50,ball_mutation
<class 'problems.ANNOP.ANNOP'>,4844969056,algorithms.hill_climbing,59,0.11434511434511435,0.08713692946058091,50,ball_mutation
<class 'problems.ANNOP.ANNOP'>,4845039120,algorithms.hill_climbing,59,0.11330561330561331,0.07883817427385892,50,ball_mutation
<class 'problems.ANNOP.ANNOP'>,4845038688,algorithms.hill_climbing,59,0.10602910602910603,0.07883817427385892,50,ball_mutation
<class 'problems.ANNOP.ANNOP'>,4845038256,algorithms.hill_climbing,59,0.10706860706860707,0.058091286307053944,50,ball_mutation
<class 'problems.ANNOP.ANNOP'>,4845037824,algorithms.hill_climbing,59,0.11122661122661123,0.0912863070539419,50,ball_mutation
<class 'problems.ANNOP.ANNOP'>,4844969056,algorithms.hill_climbing,60,0.11434511434511435,0.08713692946058091,50,ball_mutation
<class 'problems.ANNOP.ANNOP'>,4845039120,algorithms.hill_climbing,60,0.11330561330561331,0.07883817427385892,50,ball_mutation
<class 'problems.ANNOP.ANNOP'>,4845038688,algorithms.hill_climbing,60,0.10602910602910603,0.07883817427385892,50,ball_mutation
<class 'problems.ANNOP.ANNOP'>,4845038256,algorithms.hill_climbing,60,0.10706860706860707,0.058091286307053944,50,ball_mutation
<class 'problems.ANNOP.ANNOP'>,4845037824,algorithms.hill_climbing,60,0.11122661122661123,0.0912863070539419,50,ball_mutation
<class 'problems.ANNOP.ANNOP'>,4844969056,algorithms.hill_climbing,61,0.11434511434511435,0.08713692946058091,50,ball_mutation
<class 'problems.ANNOP.ANNOP'>,4845039120,algorithms.hill_climbing,61,0.11330561330561331,0.07883817427385892,50,ball_mutation
<class 'problems.ANNOP.ANNOP'>,4845038688,algorithms.hill_climbing,61,0.10602910602910603,0.07883817427385892,50,ball_mutation
<class 'problems.ANNOP.ANNOP'>,4845038256,algorithms.hill_climbing,61,0.10706860706860707,0.058091286307053944,50,ball_mutation
<class 'problems.ANNOP.ANNOP'>,4845037824,algorithms.hill_climbing,61,0.11122661122661123,0.0912863070539419,50,ball_mutation
<class 'problems.ANNOP.ANNOP'>,4844969056,algorithms.hill_climbing,62,0.11434511434511435,0.08713692946058091,50,ball_mutation
<class 'problems.ANNOP.ANNOP'>,4845039120,algorithms.hill_climbing,62,0.11330561330561331,0.07883817427385892,50,ball_mutation
<class 'problems.ANNOP.ANNOP'>,4845038688,algorithms.hill_climbing,62,0.10602910602910603,0.07883817427385892,50,ball_mutation
<class 'problems.ANNOP.ANNOP'>,4845038256,algorithms.hill_climbing,62,0.10706860706860707,0.058091286307053944,50,ball_mutation
<class 'problems.ANNOP.ANNOP'>,4845037824,algorithms.hill_climbing,62,0.11122661122661123,0.0912863070539419,50,ball_mutation
<class 'problems.ANNOP.ANNOP'>,4844969056,algorithms.hill_climbing,63,0.11434511434511435,0.08713692946058091,50,ball_mutation
<class 'problems.ANNOP.ANNOP'>,4845039120,algorithms.hill_climbing,63,0.11330561330561331,0.07883817427385892,50,ball_mutation
<class 'problems.ANNOP.ANNOP'>,4845038688,algorithms.hill_climbing,63,0.10602910602910603,0.07883817427385892,50,ball_mutation
<class 'problems.ANNOP.ANNOP'>,4845038256,algorithms.hill_climbing,63,0.10706860706860707,0.058091286307053944,50,ball_mutation
<class 'problems.ANNOP.ANNOP'>,4845037824,algorithms.hill_climbing,63,0.11122661122661123,0.0912863070539419,50,ball_mutation
<class 'problems.ANNOP.ANNOP'>,4844969056,algorithms.hill_climbing,64,0.11434511434511435,0.08713692946058091,50,ball_mutation
<class 'problems.ANNOP.ANNOP'>,4845039120,algorithms.hill_climbing,64,0.11330561330561331,0.07883817427385892,50,ball_mutation
<class 'problems.ANNOP.ANNOP'>,4845038688,algorithms.hill_climbing,64,0.10602910602910603,0.07883817427385892,50,ball_mutation
<class 'problems.ANNOP.ANNOP'>,4845038256,algorithms.hill_climbing,64,0.10706860706860707,0.058091286307053944,50,ball_mutation
<class 'problems.ANNOP.ANNOP'>,4845037824,algorithms.hill_climbing,64,0.11122661122661123,0.0912863070539419,50,ball_mutation
<class 'problems.ANNOP.ANNOP'>,4844969056,algorithms.hill_climbing,65,0.11434511434511435,0.08713692946058091,50,ball_mutation
<class 'problems.ANNOP.ANNOP'>,4845039120,algorithms.hill_climbing,65,0.11330561330561331,0.07883817427385892,50,ball_mutation
<class 'problems.ANNOP.ANNOP'>,4845038688,algorithms.hill_climbing,65,0.10602910602910603,0.07883817427385892,50,ball_mutation
<class 'problems.ANNOP.ANNOP'>,4845038256,algorithms.hill_climbing,65,0.10706860706860707,0.058091286307053944,50,ball_mutation
<class 'problems.ANNOP.ANNOP'>,4845037824,algorithms.hill_climbing,65,0.11122661122661123,0.0912863070539419,50,ball_mutation
<class 'problems.ANNOP.ANNOP'>,4844969056,algorithms.hill_climbing,66,0.11434511434511435,0.08713692946058091,50,ball_mutation
<class 'problems.ANNOP.ANNOP'>,4845039120,algorithms.hill_climbing,66,0.11330561330561331,0.07883817427385892,50,ball_mutation
<class 'problems.ANNOP.ANNOP'>,4845038688,algorithms.hill_climbing,66,0.10602910602910603,0.07883817427385892,50,ball_mutation
<class 'problems.ANNOP.ANNOP'>,4845038256,algorithms.hill_climbing,66,0.10706860706860707,0.058091286307053944,50,ball_mutation
<class 'problems.ANNOP.ANNOP'>,4845037824,algorithms.hill_climbing,66,0.11122661122661123,0.0912863070539419,50,ball_mutation
<class 'problems.ANNOP.ANNOP'>,4844969056,algorithms.hill_climbing,67,0.11434511434511435,0.08713692946058091,50,ball_mutation
<class 'problems.ANNOP.ANNOP'>,4845039120,algorithms.hill_climbing,67,0.11330561330561331,0.07883817427385892,50,ball_mutation
<class 'problems.ANNOP.ANNOP'>,4845038688,algorithms.hill_climbing,67,0.10602910602910603,0.07883817427385892,50,ball_mutation
<class 'problems.ANNOP.ANNOP'>,4845038256,algorithms.hill_climbing,67,0.10706860706860707,0.058091286307053944,50,ball_mutation
<class 'problems.ANNOP.ANNOP'>,4845037824,algorithms.hill_climbing,67,0.11122661122661123,0.0912863070539419,50,ball_mutation
<class 'problems.ANNOP.ANNOP'>,4844969056,algorithms.hill_climbing,68,0.11434511434511435,0.08713692946058091,50,ball_mutation
<class 'problems.ANNOP.ANNOP'>,4845039120,algorithms.hill_climbing,68,0.11330561330561331,0.07883817427385892,50,ball_mutation
<class 'problems.ANNOP.ANNOP'>,4845038688,algorithms.hill_climbing,68,0.10602910602910603,0.07883817427385892,50,ball_mutation
<class 'problems.ANNOP.ANNOP'>,4845038256,algorithms.hill_climbing,68,0.10706860706860707,0.058091286307053944,50,ball_mutation
<class 'problems.ANNOP.ANNOP'>,4845037824,algorithms.hill_climbing,68,0.11122661122661123,0.0912863070539419,50,ball_mutation
<class 'problems.ANNOP.ANNOP'>,4844969056,algorithms.hill_climbing,69,0.11434511434511435,0.08713692946058091,50,ball_mutation
<class 'problems.ANNOP.ANNOP'>,4845039120,algorithms.hill_climbing,69,0.11330561330561331,0.07883817427385892,50,ball_mutation
<class 'problems.ANNOP.ANNOP'>,4845038688,algorithms.hill_climbing,69,0.10602910602910603,0.07883817427385892,50,ball_mutation
<class 'problems.ANNOP.ANNOP'>,4845038256,algorithms.hill_climbing,69,0.10706860706860707,0.058091286307053944,50,ball_mutation
<class 'problems.ANNOP.ANNOP'>,4845037824,algorithms.hill_climbing,69,0.11122661122661123,0.0912863070539419,50,ball_mutation
<class 'problems.ANNOP.ANNOP'>,4844969056,algorithms.hill_climbing,70,0.11434511434511435,0.08713692946058091,50,ball_mutation
<class 'problems.ANNOP.ANNOP'>,4845039120,algorithms.hill_climbing,70,0.11330561330561331,0.07883817427385892,50,ball_mutation
<class 'problems.ANNOP.ANNOP'>,4845038688,algorithms.hill_climbing,70,0.10602910602910603,0.07883817427385892,50,ball_mutation
<class 'problems.ANNOP.ANNOP'>,4845038256,algorithms.hill_climbing,70,0.10706860706860707,0.058091286307053944,50,ball_mutation
<class 'problems.ANNOP.ANNOP'>,4845037824,algorithms.hill_climbing,70,0.11122661122661123,0.0912863070539419,50,ball_mutation
<class 'problems.ANNOP.ANNOP'>,4844969056,algorithms.hill_climbing,71,0.11434511434511435,0.08713692946058091,50,ball_mutation
<class 'problems.ANNOP.ANNOP'>,4845039120,algorithms.hill_climbing,71,0.11330561330561331,0.07883817427385892,50,ball_mutation
<class 'problems.ANNOP.ANNOP'>,4845038688,algorithms.hill_climbing,71,0.10602910602910603,0.07883817427385892,50,ball_mutation
<class 'problems.ANNOP.ANNOP'>,4845038256,algorithms.hill_climbing,71,0.10706860706860707,0.058091286307053944,50,ball_mutation
<class 'problems.ANNOP.ANNOP'>,4845037824,algorithms.hill_climbing,71,0.11122661122661123,0.0912863070539419,50,ball_mutation
<class 'problems.ANNOP.ANNOP'>,4844969056,algorithms.hill_climbing,72,0.11434511434511435,0.08713692946058091,50,ball_mutation
<class 'problems.ANNOP.ANNOP'>,4845039120,algorithms.hill_climbing,72,0.11330561330561331,0.07883817427385892,50,ball_mutation
<class 'problems.ANNOP.ANNOP'>,4845038688,algorithms.hill_climbing,72,0.10602910602910603,0.07883817427385892,50,ball_mutation
<class 'problems.ANNOP.ANNOP'>,4845038256,algorithms.hill_climbing,72,0.10706860706860707,0.058091286307053944,50,ball_mutation
<class 'problems.ANNOP.ANNOP'>,4845037824,algorithms.hill_climbing,72,0.11122661122661123,0.0912863070539419,50,ball_mutation
<class 'problems.ANNOP.ANNOP'>,4844969056,algorithms.hill_climbing,73,0.11434511434511435,0.08713692946058091,50,ball_mutation
<class 'problems.ANNOP.ANNOP'>,4845039120,algorithms.hill_climbing,73,0.11330561330561331,0.07883817427385892,50,ball_mutation
<class 'problems.ANNOP.ANNOP'>,4845038688,algorithms.hill_climbing,73,0.10602910602910603,0.07883817427385892,50,ball_mutation
<class 'problems.ANNOP.ANNOP'>,4845038256,algorithms.hill_climbing,73,0.10706860706860707,0.058091286307053944,50,ball_mutation
<class 'problems.ANNOP.ANNOP'>,4845037824,algorithms.hill_climbing,73,0.11122661122661123,0.0912863070539419,50,ball_mutation
<class 'problems.ANNOP.ANNOP'>,4844969056,algorithms.hill_climbing,74,0.11434511434511435,0.08713692946058091,50,ball_mutation
<class 'problems.ANNOP.ANNOP'>,4845039120,algorithms.hill_climbing,74,0.11330561330561331,0.07883817427385892,50,ball_mutation
<class 'problems.ANNOP.ANNOP'>,4845038688,algorithms.hill_climbing,74,0.10602910602910603,0.07883817427385892,50,ball_mutation
<class 'problems.ANNOP.ANNOP'>,4845038256,algorithms.hill_climbing,74,0.10706860706860707,0.058091286307053944,50,ball_mutation
<class 'problems.ANNOP.ANNOP'>,4845037824,algorithms.hill_climbing,74,0.11122661122661123,0.0912863070539419,50,ball_mutation
<class 'problems.ANNOP.ANNOP'>,4844969056,algorithms.hill_climbing,75,0.11434511434511435,0.08713692946058091,50,ball_mutation
<class 'problems.ANNOP.ANNOP'>,4845039120,algorithms.hill_climbing,75,0.11330561330561331,0.07883817427385892,50,ball_mutation
<class 'problems.ANNOP.ANNOP'>,4845038688,algorithms.hill_climbing,75,0.10602910602910603,0.07883817427385892,50,ball_mutation
<class 'problems.ANNOP.ANNOP'>,4845038256,algorithms.hill_climbing,75,0.10706860706860707,0.058091286307053944,50,ball_mutation
<class 'problems.ANNOP.ANNOP'>,4845037824,algorithms.hill_climbing,75,0.11122661122661123,0.0912863070539419,50,ball_mutation
<class 'problems.ANNOP.ANNOP'>,4844969056,algorithms.hill_climbing,76,0.11434511434511435,0.08713692946058091,50,ball_mutation
<class 'problems.ANNOP.ANNOP'>,4845039120,algorithms.hill_climbing,76,0.11330561330561331,0.07883817427385892,50,ball_mutation
<class 'problems.ANNOP.ANNOP'>,4845038688,algorithms.hill_climbing,76,0.10602910602910603,0.07883817427385892,50,ball_mutation
<class 'problems.ANNOP.ANNOP'>,4845038256,algorithms.hill_climbing,76,0.10706860706860707,0.058091286307053944,50,ball_mutation
<class 'problems.ANNOP.ANNOP'>,4845037824,algorithms.hill_climbing,76,0.11122661122661123,0.0912863070539419,50,ball_mutation
<class 'problems.ANNOP.ANNOP'>,4844969056,algorithms.hill_climbing,77,0.11434511434511435,0.08713692946058091,50,ball_mutation
<class 'problems.ANNOP.ANNOP'>,4845039120,algorithms.hill_climbing,77,0.11330561330561331,0.07883817427385892,50,ball_mutation
<class 'problems.ANNOP.ANNOP'>,4845038688,algorithms.hill_climbing,77,0.10602910602910603,0.07883817427385892,50,ball_mutation
<class 'problems.ANNOP.ANNOP'>,4845038256,algorithms.hill_climbing,77,0.10706860706860707,0.058091286307053944,50,ball_mutation
<class 'problems.ANNOP.ANNOP'>,4845037824,algorithms.hill_climbing,77,0.11122661122661123,0.0912863070539419,50,ball_mutation
<class 'problems.ANNOP.ANNOP'>,4844969056,algorithms.hill_climbing,78,0.11434511434511435,0.08713692946058091,50,ball_mutation
<class 'problems.ANNOP.ANNOP'>,4845039120,algorithms.hill_climbing,78,0.11330561330561331,0.07883817427385892,50,ball_mutation
<class 'problems.ANNOP.ANNOP'>,4845038688,algorithms.hill_climbing,78,0.10602910602910603,0.07883817427385892,50,ball_mutation
<class 'problems.ANNOP.ANNOP'>,4845038256,algorithms.hill_climbing,78,0.10706860706860707,0.058091286307053944,50,ball_mutation
<class 'problems.ANNOP.ANNOP'>,4845037824,algorithms.hill_climbing,78,0.11122661122661123,0.0912863070539419,50,ball_mutation
<class 'problems.ANNOP.ANNOP'>,4844969056,algorithms.hill_climbing,79,0.11434511434511435,0.08713692946058091,50,ball_mutation
<class 'problems.ANNOP.ANNOP'>,4845039120,algorithms.hill_climbing,79,0.11330561330561331,0.07883817427385892,50,ball_mutation
<class 'problems.ANNOP.ANNOP'>,4845038688,algorithms.hill_climbing,79,0.10602910602910603,0.07883817427385892,50,ball_mutation
<class 'problems.ANNOP.ANNOP'>,4845038256,algorithms.hill_climbing,79,0.10706860706860707,0.058091286307053944,50,ball_mutation
<class 'problems.ANNOP.ANNOP'>,4845037824,algorithms.hill_climbing,79,0.11122661122661123,0.0912863070539419,50,ball_mutation
<class 'problems.ANNOP.ANNOP'>,4844969056,algorithms.hill_climbing,80,0.11434511434511435,0.08713692946058091,50,ball_mutation
<class 'problems.ANNOP.ANNOP'>,4845039120,algorithms.hill_climbing,80,0.11330561330561331,0.07883817427385892,50,ball_mutation
<class 'problems.ANNOP.ANNOP'>,4845038688,algorithms.hill_climbing,80,0.10602910602910603,0.07883817427385892,50,ball_mutation
<class 'problems.ANNOP.ANNOP'>,4845038256,algorithms.hill_climbing,80,0.10706860706860707,0.058091286307053944,50,ball_mutation
<class 'problems.ANNOP.ANNOP'>,4845037824,algorithms.hill_climbing,80,0.11122661122661123,0.0912863070539419,50,ball_mutation
<class 'problems.ANNOP.ANNOP'>,4844969056,algorithms.hill_climbing,81,0.11434511434511435,0.08713692946058091,50,ball_mutation
<class 'problems.ANNOP.ANNOP'>,4845039120,algorithms.hill_climbing,81,0.11330561330561331,0.07883817427385892,50,ball_mutation
<class 'problems.ANNOP.ANNOP'>,4845038688,algorithms.hill_climbing,81,0.10602910602910603,0.07883817427385892,50,ball_mutation
<class 'problems.ANNOP.ANNOP'>,4845038256,algorithms.hill_climbing,81,0.10706860706860707,0.058091286307053944,50,ball_mutation
<class 'problems.ANNOP.ANNOP'>,4845037824,algorithms.hill_climbing,81,0.11122661122661123,0.0912863070539419,50,ball_mutation
<class 'problems.ANNOP.ANNOP'>,4844969056,algorithms.hill_climbing,82,0.11434511434511435,0.08713692946058091,50,ball_mutation
<class 'problems.ANNOP.ANNOP'>,4845039120,algorithms.hill_climbing,82,0.11330561330561331,0.07883817427385892,50,ball_mutation
<class 'problems.ANNOP.ANNOP'>,4845038688,algorithms.hill_climbing,82,0.10602910602910603,0.07883817427385892,50,ball_mutation
<class 'problems.ANNOP.ANNOP'>,4845038256,algorithms.hill_climbing,82,0.10706860706860707,0.058091286307053944,50,ball_mutation
<class 'problems.ANNOP.ANNOP'>,4845037824,algorithms.hill_climbing,82,0.11122661122661123,0.0912863070539419,50,ball_mutation
<class 'problems.ANNOP.ANNOP'>,4844969056,algorithms.hill_climbing,83,0.11434511434511435,0.08713692946058091,50,ball_mutation
<class 'problems.ANNOP.ANNOP'>,4845039120,algorithms.hill_climbing,83,0.11330561330561331,0.07883817427385892,50,ball_mutation
<class 'problems.ANNOP.ANNOP'>,4845038688,algorithms.hill_climbing,83,0.10602910602910603,0.07883817427385892,50,ball_mutation
<class 'problems.ANNOP.ANNOP'>,4845038256,algorithms.hill_climbing,83,0.10706860706860707,0.058091286307053944,50,ball_mutation
<class 'problems.ANNOP.ANNOP'>,4845037824,algorithms.hill_climbing,83,0.11122661122661123,0.0912863070539419,50,ball_mutation
<class 'problems.ANNOP.ANNOP'>,4844969056,algorithms.hill_climbing,84,0.11434511434511435,0.08713692946058091,50,ball_mutation
<class 'problems.ANNOP.ANNOP'>,4845039120,algorithms.hill_climbing,84,0.11330561330561331,0.07883817427385892,50,ball_mutation
<class 'problems.ANNOP.ANNOP'>,4845038688,algorithms.hill_climbing,84,0.10602910602910603,0.07883817427385892,50,ball_mutation
<class 'problems.ANNOP.ANNOP'>,4845038256,algorithms.hill_climbing,84,0.10706860706860707,0.058091286307053944,50,ball_mutation
<class 'problems.ANNOP.ANNOP'>,4845037824,algorithms.hill_climbing,84,0.11122661122661123,0.0912863070539419,50,ball_mutation
<class 'problems.ANNOP.ANNOP'>,4844969056,algorithms.hill_climbing,85,0.11434511434511435,0.08713692946058091,50,ball_mutation
<class 'problems.ANNOP.ANNOP'>,4845039120,algorithms.hill_climbing,85,0.11330561330561331,0.07883817427385892,50,ball_mutation
<class 'problems.ANNOP.ANNOP'>,4845038688,algorithms.hill_climbing,85,0.10602910602910603,0.07883817427385892,50,ball_mutation
<class 'problems.ANNOP.ANNOP'>,4845038256,algorithms.hill_climbing,85,0.10706860706860707,0.058091286307053944,50,ball_mutation
<class 'problems.ANNOP.ANNOP'>,4845037824,algorithms.hill_climbing,85,0.11122661122661123,0.0912863070539419,50,ball_mutation
<class 'problems.ANNOP.ANNOP'>,4844969056,algorithms.hill_climbing,86,0.11434511434511435,0.08713692946058091,50,ball_mutation
<class 'problems.ANNOP.ANNOP'>,4845039120,algorithms.hill_climbing,86,0.11330561330561331,0.07883817427385892,50,ball_mutation
<class 'problems.ANNOP.ANNOP'>,4845038688,algorithms.hill_climbing,86,0.10602910602910603,0.07883817427385892,50,ball_mutation
<class 'problems.ANNOP.ANNOP'>,4845038256,algorithms.hill_climbing,86,0.10706860706860707,0.058091286307053944,50,ball_mutation
<class 'problems.ANNOP.ANNOP'>,4845037824,algorithms.hill_climbing,86,0.11122661122661123,0.0912863070539419,50,ball_mutation
<class 'problems.ANNOP.ANNOP'>,4844969056,algorithms.hill_climbing,87,0.11434511434511435,0.08713692946058091,50,ball_mutation
<class 'problems.ANNOP.ANNOP'>,4845039120,algorithms.hill_climbing,87,0.11330561330561331,0.07883817427385892,50,ball_mutation
<class 'problems.ANNOP.ANNOP'>,4845038688,algorithms.hill_climbing,87,0.10602910602910603,0.07883817427385892,50,ball_mutation
<class 'problems.ANNOP.ANNOP'>,4845038256,algorithms.hill_climbing,87,0.10706860706860707,0.058091286307053944,50,ball_mutation
<class 'problems.ANNOP.ANNOP'>,4845037824,algorithms.hill_climbing,87,0.11122661122661123,0.0912863070539419,50,ball_mutation
<class 'problems.ANNOP.ANNOP'>,4844969056,algorithms.hill_climbing,88,0.11434511434511435,0.08713692946058091,50,ball_mutation
<class 'problems.ANNOP.ANNOP'>,4845039120,algorithms.hill_climbing,88,0.11330561330561331,0.07883817427385892,50,ball_mutation
<class 'problems.ANNOP.ANNOP'>,4845038688,algorithms.hill_climbing,88,0.10602910602910603,0.07883817427385892,50,ball_mutation
<class 'problems.ANNOP.ANNOP'>,4845038256,algorithms.hill_climbing,88,0.10706860706860707,0.058091286307053944,50,ball_mutation
<class 'problems.ANNOP.ANNOP'>,4845037824,algorithms.hill_climbing,88,0.11122661122661123,0.0912863070539419,50,ball_mutation
<class 'problems.ANNOP.ANNOP'>,4844969056,algorithms.hill_climbing,89,0.11434511434511435,0.08713692946058091,50,ball_mutation
<class 'problems.ANNOP.ANNOP'>,4845039120,algorithms.hill_climbing,89,0.11330561330561331,0.07883817427385892,50,ball_mutation
<class 'problems.ANNOP.ANNOP'>,4845038688,algorithms.hill_climbing,89,0.10602910602910603,0.07883817427385892,50,ball_mutation
<class 'problems.ANNOP.ANNOP'>,4845038256,algorithms.hill_climbing,89,0.10706860706860707,0.058091286307053944,50,ball_mutation
<class 'problems.ANNOP.ANNOP'>,4845037824,algorithms.hill_climbing,89,0.11122661122661123,0.0912863070539419,50,ball_mutation
<class 'problems.ANNOP.ANNOP'>,4844969056,algorithms.hill_climbing,90,0.11434511434511435,0.08713692946058091,50,ball_mutation
<class 'problems.ANNOP.ANNOP'>,4845039120,algorithms.hill_climbing,90,0.11330561330561331,0.07883817427385892,50,ball_mutation
<class 'problems.ANNOP.ANNOP'>,4845038688,algorithms.hill_climbing,90,0.10602910602910603,0.07883817427385892,50,ball_mutation
<class 'problems.ANNOP.ANNOP'>,4845038256,algorithms.hill_climbing,90,0.10706860706860707,0.058091286307053944,50,ball_mutation
<class 'problems.ANNOP.ANNOP'>,4845037824,algorithms.hill_climbing,90,0.11122661122661123,0.0912863070539419,50,ball_mutation
<class 'problems.ANNOP.ANNOP'>,4844969056,algorithms.hill_climbing,91,0.11434511434511435,0.08713692946058091,50,ball_mutation
<class 'problems.ANNOP.ANNOP'>,4845039120,algorithms.hill_climbing,91,0.11330561330561331,0.07883817427385892,50,ball_mutation
<class 'problems.ANNOP.ANNOP'>,4845038688,algorithms.hill_climbing,91,0.10602910602910603,0.07883817427385892,50,ball_mutation
<class 'problems.ANNOP.ANNOP'>,4845038256,algorithms.hill_climbing,91,0.10706860706860707,0.058091286307053944,50,ball_mutation
<class 'problems.ANNOP.ANNOP'>,4845037824,algorithms.hill_climbing,91,0.11122661122661123,0.0912863070539419,50,ball_mutation
<class 'problems.ANNOP.ANNOP'>,4844969056,algorithms.hill_climbing,92,0.11434511434511435,0.08713692946058091,50,ball_mutation
<class 'problems.ANNOP.ANNOP'>,4845039120,algorithms.hill_climbing,92,0.11330561330561331,0.07883817427385892,50,ball_mutation
<class 'problems.ANNOP.ANNOP'>,4845038688,algorithms.hill_climbing,92,0.10602910602910603,0.07883817427385892,50,ball_mutation
<class 'problems.ANNOP.ANNOP'>,4845038256,algorithms.hill_climbing,92,0.10706860706860707,0.058091286307053944,50,ball_mutation
<class 'problems.ANNOP.ANNOP'>,4845037824,algorithms.hill_climbing,92,0.11122661122661123,0.0912863070539419,50,ball_mutation
<class 'problems.ANNOP.ANNOP'>,4844969056,algorithms.hill_climbing,93,0.11434511434511435,0.08713692946058091,50,ball_mutation
<class 'problems.ANNOP.ANNOP'>,4845039120,algorithms.hill_climbing,93,0.11330561330561331,0.07883817427385892,50,ball_mutation
<class 'problems.ANNOP.ANNOP'>,4845038688,algorithms.hill_climbing,93,0.10602910602910603,0.07883817427385892,50,ball_mutation
<class 'problems.ANNOP.ANNOP'>,4845038256,algorithms.hill_climbing,93,0.10706860706860707,0.058091286307053944,50,ball_mutation
<class 'problems.ANNOP.ANNOP'>,4845037824,algorithms.hill_climbing,93,0.11122661122661123,0.0912863070539419,50,ball_mutation
<class 'problems.ANNOP.ANNOP'>,4844969056,algorithms.hill_climbing,94,0.11434511434511435,0.08713692946058091,50,ball_mutation
<class 'problems.ANNOP.ANNOP'>,4845039120,algorithms.hill_climbing,94,0.11330561330561331,0.07883817427385892,50,ball_mutation
<class 'problems.ANNOP.ANNOP'>,4845038688,algorithms.hill_climbing,94,0.10602910602910603,0.07883817427385892,50,ball_mutation
<class 'problems.ANNOP.ANNOP'>,4845038256,algorithms.hill_climbing,94,0.10706860706860707,0.058091286307053944,50,ball_mutation
<class 'problems.ANNOP.ANNOP'>,4845037824,algorithms.hill_climbing,94,0.11122661122661123,0.0912863070539419,50,ball_mutation
<class 'problems.ANNOP.ANNOP'>,4844969056,algorithms.hill_climbing,95,0.11434511434511435,0.08713692946058091,50,ball_mutation
<class 'problems.ANNOP.ANNOP'>,4845039120,algorithms.hill_climbing,95,0.11330561330561331,0.07883817427385892,50,ball_mutation
<class 'problems.ANNOP.ANNOP'>,4845038688,algorithms.hill_climbing,95,0.10602910602910603,0.07883817427385892,50,ball_mutation
<class 'problems.ANNOP.ANNOP'>,4845038256,algorithms.hill_climbing,95,0.10706860706860707,0.058091286307053944,50,ball_mutation
<class 'problems.ANNOP.ANNOP'>,4845037824,algorithms.hill_climbing,95,0.11122661122661123,0.0912863070539419,50,ball_mutation
<class 'problems.ANNOP.ANNOP'>,4844969056,algorithms.hill_climbing,96,0.11434511434511435,0.08713692946058091,50,ball_mutation
<class 'problems.ANNOP.ANNOP'>,4845039120,algorithms.hill_climbing,96,0.11330561330561331,0.07883817427385892,50,ball_mutation
<class 'problems.ANNOP.ANNOP'>,4845038688,algorithms.hill_climbing,96,0.10602910602910603,0.07883817427385892,50,ball_mutation
<class 'problems.ANNOP.ANNOP'>,4845038256,algorithms.hill_climbing,96,0.10706860706860707,0.058091286307053944,50,ball_mutation
<class 'problems.ANNOP.ANNOP'>,4845037824,algorithms.hill_climbing,96,0.11122661122661123,0.0912863070539419,50,ball_mutation
<class 'problems.ANNOP.ANNOP'>,4844969056,algorithms.hill_climbing,97,0.11434511434511435,0.08713692946058091,50,ball_mutation
<class 'problems.ANNOP.ANNOP'>,4845039120,algorithms.hill_climbing,97,0.11330561330561331,0.07883817427385892,50,ball_mutation
<class 'problems.ANNOP.ANNOP'>,4845038688,algorithms.hill_climbing,97,0.10602910602910603,0.07883817427385892,50,ball_mutation
<class 'problems.ANNOP.ANNOP'>,4845038256,algorithms.hill_climbing,97,0.10706860706860707,0.058091286307053944,50,ball_mutation
<class 'problems.ANNOP.ANNOP'>,4845037824,algorithms.hill_climbing,97,0.11122661122661123,0.0912863070539419,50,ball_mutation
<class 'problems.ANNOP.ANNOP'>,4844969056,algorithms.hill_climbing,98,0.11434511434511435,0.08713692946058091,50,ball_mutation
<class 'problems.ANNOP.ANNOP'>,4845039120,algorithms.hill_climbing,98,0.11330561330561331,0.07883817427385892,50,ball_mutation
<class 'problems.ANNOP.ANNOP'>,4845038688,algorithms.hill_climbing,98,0.10602910602910603,0.07883817427385892,50,ball_mutation
<class 'problems.ANNOP.ANNOP'>,4845038256,algorithms.hill_climbing,98,0.10706860706860707,0.058091286307053944,50,ball_mutation
<class 'problems.ANNOP.ANNOP'>,4845037824,algorithms.hill_climbing,98,0.11122661122661123,0.0912863070539419,50,ball_mutation
<class 'problems.ANNOP.ANNOP'>,4844969056,algorithms.hill_climbing,99,0.11434511434511435,0.08713692946058091,50,ball_mutation
<class 'problems.ANNOP.ANNOP'>,4845039120,algorithms.hill_climbing,99,0.11330561330561331,0.07883817427385892,50,ball_mutation
<class 'problems.ANNOP.ANNOP'>,4845038688,algorithms.hill_climbing,99,0.10602910602910603,0.07883817427385892,50,ball_mutation
<class 'problems.ANNOP.ANNOP'>,4845038256,algorithms.hill_climbing,99,0.10706860706860707,0.058091286307053944,50,ball_mutation
<class 'problems.ANNOP.ANNOP'>,4845037824,algorithms.hill_climbing,99,0.11122661122661123,0.0912863070539419,50,ball_mutation
