<class 'problems.ANNOP.ANNOP'>,4693994736,algorithms.random_search,0,0.10602910602910603,0.11203319502074689
<class 'problems.ANNOP.ANNOP'>,4694047552,algorithms.random_search,0,0.0945945945945946,0.13278008298755187
<class 'problems.ANNOP.ANNOP'>,4694047984,algorithms.random_search,0,0.11330561330561331,0.0912863070539419
<class 'problems.ANNOP.ANNOP'>,4694047120,algorithms.random_search,0,0.10083160083160084,0.07053941908713693
<class 'problems.ANNOP.ANNOP'>,4694048416,algorithms.random_search,0,0.10706860706860707,0.1078838174273859
<class 'problems.ANNOP.ANNOP'>,4693994736,algorithms.random_search,1,0.10706860706860707,0.058091286307053944
<class 'problems.ANNOP.ANNOP'>,4694047552,algorithms.random_search,1,0.10291060291060292,0.12448132780082988
<class 'problems.ANNOP.ANNOP'>,4694047120,algorithms.random_search,1,0.10083160083160084,0.07053941908713693
<class 'problems.ANNOP.ANNOP'>,4694047984,algorithms.random_search,1,0.11330561330561331,0.0912863070539419
<class 'problems.ANNOP.ANNOP'>,4694048416,algorithms.random_search,1,0.10706860706860707,0.1078838174273859
<class 'problems.ANNOP.ANNOP'>,4693994736,algorithms.random_search,2,0.10706860706860707,0.058091286307053944
<class 'problems.ANNOP.ANNOP'>,4694047552,algorithms.random_search,2,0.10291060291060292,0.12448132780082988
<class 'problems.ANNOP.ANNOP'>,4694047984,algorithms.random_search,2,0.11330561330561331,0.0912863070539419
<class 'problems.ANNOP.ANNOP'>,4694047120,algorithms.random_search,2,0.10083160083160084,0.07053941908713693
<class 'problems.ANNOP.ANNOP'>,4694048416,algorithms.random_search,2,0.10706860706860707,0.1078838174273859
<class 'problems.ANNOP.ANNOP'>,4694048416,algorithms.random_search,3,0.10706860706860707,0.1078838174273859
<class 'problems.ANNOP.ANNOP'>,4694047552,algorithms.random_search,3,0.10291060291060292,0.12448132780082988
<class 'problems.ANNOP.ANNOP'>,4693994736,algorithms.random_search,3,0.10706860706860707,0.058091286307053944
<class 'problems.ANNOP.ANNOP'>,4694047984,algorithms.random_search,3,0.11330561330561331,0.0912863070539419
<class 'problems.ANNOP.ANNOP'>,4694047120,algorithms.random_search,3,0.10083160083160084,0.07053941908713693
<class 'problems.ANNOP.ANNOP'>,4694048416,algorithms.random_search,4,0.10706860706860707,0.1078838174273859
<class 'problems.ANNOP.ANNOP'>,4694047984,algorithms.random_search,4,0.11330561330561331,0.0912863070539419
<class 'problems.ANNOP.ANNOP'>,4694047552,algorithms.random_search,4,0.10291060291060292,0.12448132780082988
<class 'problems.ANNOP.ANNOP'>,4693994736,algorithms.random_search,4,0.10706860706860707,0.058091286307053944
<class 'problems.ANNOP.ANNOP'>,4694047120,algorithms.random_search,4,0.11330561330561331,0.0912863070539419
<class 'problems.ANNOP.ANNOP'>,4694048416,algorithms.random_search,5,0.11330561330561331,0.07883817427385892
<class 'problems.ANNOP.ANNOP'>,4694047552,algorithms.random_search,5,0.11122661122661123,0.08713692946058091
<class 'problems.ANNOP.ANNOP'>,4694047984,algorithms.random_search,5,0.11330561330561331,0.0912863070539419
<class 'problems.ANNOP.ANNOP'>,4693994736,algorithms.random_search,5,0.10706860706860707,0.058091286307053944
<class 'problems.ANNOP.ANNOP'>,4694047120,algorithms.random_search,5,0.11330561330561331,0.0912863070539419
<class 'problems.ANNOP.ANNOP'>,4694048416,algorithms.random_search,6,0.11330561330561331,0.07883817427385892
<class 'problems.ANNOP.ANNOP'>,4694047552,algorithms.random_search,6,0.11122661122661123,0.08713692946058091
<class 'problems.ANNOP.ANNOP'>,4694047120,algorithms.random_search,6,0.11330561330561331,0.0912863070539419
<class 'problems.ANNOP.ANNOP'>,4693994736,algorithms.random_search,6,0.10706860706860707,0.058091286307053944
<class 'problems.ANNOP.ANNOP'>,4694047984,algorithms.random_search,6,0.11330561330561331,0.0912863070539419
<class 'problems.ANNOP.ANNOP'>,4694047552,algorithms.random_search,7,0.11122661122661123,0.08713692946058091
<class 'problems.ANNOP.ANNOP'>,4694048416,algorithms.random_search,7,0.11330561330561331,0.07883817427385892
<class 'problems.ANNOP.ANNOP'>,4694047120,algorithms.random_search,7,0.11330561330561331,0.0912863070539419
<class 'problems.ANNOP.ANNOP'>,4693994736,algorithms.random_search,7,0.11434511434511435,0.08713692946058091
<class 'problems.ANNOP.ANNOP'>,4694047984,algorithms.random_search,7,0.11330561330561331,0.0912863070539419
<class 'problems.ANNOP.ANNOP'>,4694047552,algorithms.random_search,8,0.11122661122661123,0.08713692946058091
<class 'problems.ANNOP.ANNOP'>,4694047120,algorithms.random_search,8,0.11330561330561331,0.0912863070539419
<class 'problems.ANNOP.ANNOP'>,4694048416,algorithms.random_search,8,0.11330561330561331,0.07883817427385892
<class 'problems.ANNOP.ANNOP'>,4694047984,algorithms.random_search,8,0.11330561330561331,0.0912863070539419
<class 'problems.ANNOP.ANNOP'>,4693994736,algorithms.random_search,8,0.11434511434511435,0.08713692946058091
<class 'problems.ANNOP.ANNOP'>,4694047120,algorithms.random_search,9,0.11330561330561331,0.0912863070539419
<class 'problems.ANNOP.ANNOP'>,4694048416,algorithms.random_search,9,0.11330561330561331,0.07883817427385892
<class 'problems.ANNOP.ANNOP'>,4694047552,algorithms.random_search,9,0.11122661122661123,0.08713692946058091
<class 'problems.ANNOP.ANNOP'>,4694047984,algorithms.random_search,9,0.11330561330561331,0.0912863070539419
<class 'problems.ANNOP.ANNOP'>,4693994736,algorithms.random_search,9,0.11434511434511435,0.08713692946058091
<class 'problems.ANNOP.ANNOP'>,4694047552,algorithms.random_search,10,0.11122661122661123,0.08713692946058091
<class 'problems.ANNOP.ANNOP'>,4694047120,algorithms.random_search,10,0.11330561330561331,0.0912863070539419
<class 'problems.ANNOP.ANNOP'>,4694048416,algorithms.random_search,10,0.11330561330561331,0.07883817427385892
<class 'problems.ANNOP.ANNOP'>,4694047984,algorithms.random_search,10,0.11330561330561331,0.0912863070539419
<class 'problems.ANNOP.ANNOP'>,4693994736,algorithms.random_search,10,0.11434511434511435,0.08713692946058091
<class 'problems.ANNOP.ANNOP'>,4694047552,algorithms.random_search,11,0.11122661122661123,0.08713692946058091
<class 'problems.ANNOP.ANNOP'>,4694047120,algorithms.random_search,11,0.11330561330561331,0.0912863070539419
<class 'problems.ANNOP.ANNOP'>,4694047984,algorithms.random_search,11,0.11330561330561331,0.0912863070539419
<class 'problems.ANNOP.ANNOP'>,4693994736,algorithms.random_search,11,0.11434511434511435,0.08713692946058091
<class 'problems.ANNOP.ANNOP'>,4694048416,algorithms.random_search,11,0.11330561330561331,0.07883817427385892
<class 'problems.ANNOP.ANNOP'>,4694047552,algorithms.random_search,12,0.11122661122661123,0.08713692946058091
<class 'problems.ANNOP.ANNOP'>,4694047120,algorithms.random_search,12,0.11330561330561331,0.0912863070539419
<class 'problems.ANNOP.ANNOP'>,4694047984,algorithms.random_search,12,0.11330561330561331,0.0912863070539419
<class 'problems.ANNOP.ANNOP'>,4693994736,algorithms.random_search,12,0.11434511434511435,0.08713692946058091
<class 'problems.ANNOP.ANNOP'>,4694048416,algorithms.random_search,12,0.11330561330561331,0.07883817427385892
<class 'problems.ANNOP.ANNOP'>,4694047120,algorithms.random_search,13,0.11330561330561331,0.0912863070539419
<class 'problems.ANNOP.ANNOP'>,4694047552,algorithms.random_search,13,0.11122661122661123,0.08713692946058091
<class 'problems.ANNOP.ANNOP'>,4694047984,algorithms.random_search,13,0.11330561330561331,0.0912863070539419
<class 'problems.ANNOP.ANNOP'>,4694048416,algorithms.random_search,13,0.11330561330561331,0.07883817427385892
<class 'problems.ANNOP.ANNOP'>,4693994736,algorithms.random_search,13,0.11434511434511435,0.08713692946058091
<class 'problems.ANNOP.ANNOP'>,4694047552,algorithms.random_search,14,0.11122661122661123,0.08713692946058091
<class 'problems.ANNOP.ANNOP'>,4694047120,algorithms.random_search,14,0.11330561330561331,0.0912863070539419
<class 'problems.ANNOP.ANNOP'>,4694047984,algorithms.random_search,14,0.11330561330561331,0.0912863070539419
<class 'problems.ANNOP.ANNOP'>,4693994736,algorithms.random_search,14,0.11434511434511435,0.08713692946058091
<class 'problems.ANNOP.ANNOP'>,4694048416,algorithms.random_search,14,0.11330561330561331,0.07883817427385892
<class 'problems.ANNOP.ANNOP'>,4694047552,algorithms.random_search,15,0.11122661122661123,0.08713692946058091
<class 'problems.ANNOP.ANNOP'>,4694048416,algorithms.random_search,15,0.11330561330561331,0.07883817427385892
<class 'problems.ANNOP.ANNOP'>,4694047120,algorithms.random_search,15,0.11330561330561331,0.0912863070539419
<class 'problems.ANNOP.ANNOP'>,4694047984,algorithms.random_search,15,0.11330561330561331,0.0912863070539419
<class 'problems.ANNOP.ANNOP'>,4693994736,algorithms.random_search,15,0.11434511434511435,0.08713692946058091
<class 'problems.ANNOP.ANNOP'>,4694047552,algorithms.random_search,16,0.11122661122661123,0.08713692946058091
<class 'problems.ANNOP.ANNOP'>,4694047120,algorithms.random_search,16,0.11330561330561331,0.0912863070539419
<class 'problems.ANNOP.ANNOP'>,4694048416,algorithms.random_search,16,0.11330561330561331,0.07883817427385892
<class 'problems.ANNOP.ANNOP'>,4694047984,algorithms.random_search,16,0.11330561330561331,0.0912863070539419
<class 'problems.ANNOP.ANNOP'>,4693994736,algorithms.random_search,16,0.11434511434511435,0.08713692946058091
<class 'problems.ANNOP.ANNOP'>,4694047552,algorithms.random_search,17,0.11122661122661123,0.08713692946058091
<class 'problems.ANNOP.ANNOP'>,4694047120,algorithms.random_search,17,0.11330561330561331,0.0912863070539419
<class 'problems.ANNOP.ANNOP'>,4694047984,algorithms.random_search,17,0.11330561330561331,0.0912863070539419
<class 'problems.ANNOP.ANNOP'>,4694048416,algorithms.random_search,17,0.11330561330561331,0.07883817427385892
<class 'problems.ANNOP.ANNOP'>,4693994736,algorithms.random_search,17,0.11434511434511435,0.08713692946058091
<class 'problems.ANNOP.ANNOP'>,4694047552,algorithms.random_search,18,0.11122661122661123,0.08713692946058091
<class 'problems.ANNOP.ANNOP'>,4694047120,algorithms.random_search,18,0.11330561330561331,0.0912863070539419
<class 'problems.ANNOP.ANNOP'>,4694047984,algorithms.random_search,18,0.11330561330561331,0.0912863070539419
<class 'problems.ANNOP.ANNOP'>,4694048416,algorithms.random_search,18,0.11330561330561331,0.07883817427385892
<class 'problems.ANNOP.ANNOP'>,4693994736,algorithms.random_search,18,0.11434511434511435,0.08713692946058091
<class 'problems.ANNOP.ANNOP'>,4694047552,algorithms.random_search,19,0.11122661122661123,0.08713692946058091
<class 'problems.ANNOP.ANNOP'>,4694047120,algorithms.random_search,19,0.11330561330561331,0.0912863070539419
<class 'problems.ANNOP.ANNOP'>,4694047984,algorithms.random_search,19,0.11330561330561331,0.0912863070539419
<class 'problems.ANNOP.ANNOP'>,4694048416,algorithms.random_search,19,0.11330561330561331,0.07883817427385892
<class 'problems.ANNOP.ANNOP'>,4693994736,algorithms.random_search,19,0.11434511434511435,0.08713692946058091
<class 'problems.ANNOP.ANNOP'>,4694047552,algorithms.random_search,20,0.11122661122661123,0.08713692946058091
<class 'problems.ANNOP.ANNOP'>,4694047120,algorithms.random_search,20,0.11330561330561331,0.0912863070539419
<class 'problems.ANNOP.ANNOP'>,4694047984,algorithms.random_search,20,0.11330561330561331,0.0912863070539419
<class 'problems.ANNOP.ANNOP'>,4694048416,algorithms.random_search,20,0.11330561330561331,0.07883817427385892
<class 'problems.ANNOP.ANNOP'>,4693994736,algorithms.random_search,20,0.11434511434511435,0.08713692946058091
<class 'problems.ANNOP.ANNOP'>,4694047552,algorithms.random_search,21,0.11122661122661123,0.08713692946058091
<class 'problems.ANNOP.ANNOP'>,4694047984,algorithms.random_search,21,0.11330561330561331,0.0912863070539419
<class 'problems.ANNOP.ANNOP'>,4694047120,algorithms.random_search,21,0.11330561330561331,0.0912863070539419
<class 'problems.ANNOP.ANNOP'>,4694048416,algorithms.random_search,21,0.11330561330561331,0.07883817427385892
<class 'problems.ANNOP.ANNOP'>,4693994736,algorithms.random_search,21,0.11434511434511435,0.08713692946058091
<class 'problems.ANNOP.ANNOP'>,4694047984,algorithms.random_search,22,0.11330561330561331,0.0912863070539419
<class 'problems.ANNOP.ANNOP'>,4694047120,algorithms.random_search,22,0.11330561330561331,0.0912863070539419
<class 'problems.ANNOP.ANNOP'>,4694047552,algorithms.random_search,22,0.11122661122661123,0.08713692946058091
<class 'problems.ANNOP.ANNOP'>,4694048416,algorithms.random_search,22,0.11330561330561331,0.07883817427385892
<class 'problems.ANNOP.ANNOP'>,4693994736,algorithms.random_search,22,0.11434511434511435,0.08713692946058091
<class 'problems.ANNOP.ANNOP'>,4694047552,algorithms.random_search,23,0.11122661122661123,0.08713692946058091
<class 'problems.ANNOP.ANNOP'>,4694047120,algorithms.random_search,23,0.11330561330561331,0.0912863070539419
<class 'problems.ANNOP.ANNOP'>,4694047984,algorithms.random_search,23,0.11330561330561331,0.0912863070539419
<class 'problems.ANNOP.ANNOP'>,4694048416,algorithms.random_search,23,0.11330561330561331,0.07883817427385892
<class 'problems.ANNOP.ANNOP'>,4693994736,algorithms.random_search,23,0.11434511434511435,0.08713692946058091
<class 'problems.ANNOP.ANNOP'>,4694047552,algorithms.random_search,24,0.11122661122661123,0.08713692946058091
<class 'problems.ANNOP.ANNOP'>,4694047984,algorithms.random_search,24,0.11330561330561331,0.0912863070539419
<class 'problems.ANNOP.ANNOP'>,4694047120,algorithms.random_search,24,0.11330561330561331,0.0912863070539419
<class 'problems.ANNOP.ANNOP'>,4694048416,algorithms.random_search,24,0.11330561330561331,0.07883817427385892
<class 'problems.ANNOP.ANNOP'>,4693994736,algorithms.random_search,24,0.11434511434511435,0.08713692946058091
<class 'problems.ANNOP.ANNOP'>,4694047552,algorithms.random_search,25,0.11122661122661123,0.08713692946058091
<class 'problems.ANNOP.ANNOP'>,4694047120,algorithms.random_search,25,0.11330561330561331,0.0912863070539419
<class 'problems.ANNOP.ANNOP'>,4694047984,algorithms.random_search,25,0.11330561330561331,0.0912863070539419
<class 'problems.ANNOP.ANNOP'>,4694048416,algorithms.random_search,25,0.11330561330561331,0.07883817427385892
<class 'problems.ANNOP.ANNOP'>,4693994736,algorithms.random_search,25,0.11434511434511435,0.08713692946058091
<class 'problems.ANNOP.ANNOP'>,4694047552,algorithms.random_search,26,0.11122661122661123,0.08713692946058091
<class 'problems.ANNOP.ANNOP'>,4694047120,algorithms.random_search,26,0.11330561330561331,0.0912863070539419
<class 'problems.ANNOP.ANNOP'>,4694047984,algorithms.random_search,26,0.11330561330561331,0.0912863070539419
<class 'problems.ANNOP.ANNOP'>,4694048416,algorithms.random_search,26,0.11330561330561331,0.07883817427385892
<class 'problems.ANNOP.ANNOP'>,4693994736,algorithms.random_search,26,0.11434511434511435,0.08713692946058091
<class 'problems.ANNOP.ANNOP'>,4694047552,algorithms.random_search,27,0.11122661122661123,0.08713692946058091
<class 'problems.ANNOP.ANNOP'>,4694047984,algorithms.random_search,27,0.11330561330561331,0.0912863070539419
<class 'problems.ANNOP.ANNOP'>,4694047120,algorithms.random_search,27,0.11330561330561331,0.0912863070539419
<class 'problems.ANNOP.ANNOP'>,4694048416,algorithms.random_search,27,0.11330561330561331,0.07883817427385892
<class 'problems.ANNOP.ANNOP'>,4693994736,algorithms.random_search,27,0.11434511434511435,0.08713692946058091
<class 'problems.ANNOP.ANNOP'>,4694047552,algorithms.random_search,28,0.11122661122661123,0.08713692946058091
<class 'problems.ANNOP.ANNOP'>,4694047120,algorithms.random_search,28,0.11330561330561331,0.0912863070539419
<class 'problems.ANNOP.ANNOP'>,4694047984,algorithms.random_search,28,0.11330561330561331,0.0912863070539419
<class 'problems.ANNOP.ANNOP'>,4694048416,algorithms.random_search,28,0.11330561330561331,0.07883817427385892
<class 'problems.ANNOP.ANNOP'>,4693994736,algorithms.random_search,28,0.11434511434511435,0.08713692946058091
<class 'problems.ANNOP.ANNOP'>,4694047120,algorithms.random_search,29,0.11330561330561331,0.0912863070539419
<class 'problems.ANNOP.ANNOP'>,4694047552,algorithms.random_search,29,0.11122661122661123,0.08713692946058091
<class 'problems.ANNOP.ANNOP'>,4694047984,algorithms.random_search,29,0.11330561330561331,0.0912863070539419
<class 'problems.ANNOP.ANNOP'>,4694048416,algorithms.random_search,29,0.11330561330561331,0.07883817427385892
<class 'problems.ANNOP.ANNOP'>,4693994736,algorithms.random_search,29,0.11434511434511435,0.08713692946058091
<class 'problems.ANNOP.ANNOP'>,4694047552,algorithms.random_search,30,0.11122661122661123,0.08713692946058091
<class 'problems.ANNOP.ANNOP'>,4694047120,algorithms.random_search,30,0.11330561330561331,0.0912863070539419
<class 'problems.ANNOP.ANNOP'>,4694047984,algorithms.random_search,30,0.11330561330561331,0.0912863070539419
<class 'problems.ANNOP.ANNOP'>,4694048416,algorithms.random_search,30,0.11330561330561331,0.07883817427385892
<class 'problems.ANNOP.ANNOP'>,4693994736,algorithms.random_search,30,0.11434511434511435,0.08713692946058091
<class 'problems.ANNOP.ANNOP'>,4694047120,algorithms.random_search,31,0.11330561330561331,0.0912863070539419
<class 'problems.ANNOP.ANNOP'>,4694047552,algorithms.random_search,31,0.11122661122661123,0.08713692946058091
<class 'problems.ANNOP.ANNOP'>,4694047984,algorithms.random_search,31,0.11330561330561331,0.0912863070539419
<class 'problems.ANNOP.ANNOP'>,4694048416,algorithms.random_search,31,0.11330561330561331,0.07883817427385892
<class 'problems.ANNOP.ANNOP'>,4693994736,algorithms.random_search,31,0.11434511434511435,0.08713692946058091
<class 'problems.ANNOP.ANNOP'>,4694047120,algorithms.random_search,32,0.11330561330561331,0.0912863070539419
<class 'problems.ANNOP.ANNOP'>,4694047552,algorithms.random_search,32,0.11122661122661123,0.08713692946058091
<class 'problems.ANNOP.ANNOP'>,4694047984,algorithms.random_search,32,0.11330561330561331,0.0912863070539419
<class 'problems.ANNOP.ANNOP'>,4694048416,algorithms.random_search,32,0.11330561330561331,0.07883817427385892
<class 'problems.ANNOP.ANNOP'>,4693994736,algorithms.random_search,32,0.11434511434511435,0.08713692946058091
<class 'problems.ANNOP.ANNOP'>,4694047120,algorithms.random_search,33,0.11330561330561331,0.0912863070539419
<class 'problems.ANNOP.ANNOP'>,4694047552,algorithms.random_search,33,0.11122661122661123,0.08713692946058091
<class 'problems.ANNOP.ANNOP'>,4694047984,algorithms.random_search,33,0.11330561330561331,0.0912863070539419
<class 'problems.ANNOP.ANNOP'>,4694048416,algorithms.random_search,33,0.11330561330561331,0.07883817427385892
<class 'problems.ANNOP.ANNOP'>,4694047120,algorithms.random_search,34,0.11330561330561331,0.0912863070539419
<class 'problems.ANNOP.ANNOP'>,4693994736,algorithms.random_search,33,0.11434511434511435,0.08713692946058091
<class 'problems.ANNOP.ANNOP'>,4694047552,algorithms.random_search,34,0.11122661122661123,0.08713692946058091
<class 'problems.ANNOP.ANNOP'>,4694047984,algorithms.random_search,34,0.11330561330561331,0.0912863070539419
<class 'problems.ANNOP.ANNOP'>,4694048416,algorithms.random_search,34,0.11330561330561331,0.07883817427385892
<class 'problems.ANNOP.ANNOP'>,4693994736,algorithms.random_search,34,0.11434511434511435,0.08713692946058091
<class 'problems.ANNOP.ANNOP'>,4694047120,algorithms.random_search,35,0.11330561330561331,0.0912863070539419
<class 'problems.ANNOP.ANNOP'>,4694047552,algorithms.random_search,35,0.11122661122661123,0.08713692946058091
<class 'problems.ANNOP.ANNOP'>,4694047984,algorithms.random_search,35,0.11330561330561331,0.0912863070539419
<class 'problems.ANNOP.ANNOP'>,4694048416,algorithms.random_search,35,0.11330561330561331,0.07883817427385892
<class 'problems.ANNOP.ANNOP'>,4694047120,algorithms.random_search,36,0.11330561330561331,0.0912863070539419
<class 'problems.ANNOP.ANNOP'>,4693994736,algorithms.random_search,35,0.11434511434511435,0.08713692946058091
<class 'problems.ANNOP.ANNOP'>,4694047552,algorithms.random_search,36,0.11122661122661123,0.08713692946058091
<class 'problems.ANNOP.ANNOP'>,4694047984,algorithms.random_search,36,0.11330561330561331,0.0912863070539419
<class 'problems.ANNOP.ANNOP'>,4694048416,algorithms.random_search,36,0.11330561330561331,0.07883817427385892
<class 'problems.ANNOP.ANNOP'>,4693994736,algorithms.random_search,36,0.11434511434511435,0.08713692946058091
<class 'problems.ANNOP.ANNOP'>,4694047120,algorithms.random_search,37,0.11330561330561331,0.0912863070539419
<class 'problems.ANNOP.ANNOP'>,4694047552,algorithms.random_search,37,0.11122661122661123,0.08713692946058091
<class 'problems.ANNOP.ANNOP'>,4694048416,algorithms.random_search,37,0.11330561330561331,0.07883817427385892
<class 'problems.ANNOP.ANNOP'>,4694047984,algorithms.random_search,37,0.11330561330561331,0.0912863070539419
<class 'problems.ANNOP.ANNOP'>,4693994736,algorithms.random_search,37,0.11434511434511435,0.08713692946058091
<class 'problems.ANNOP.ANNOP'>,4694047120,algorithms.random_search,38,0.11330561330561331,0.0912863070539419
<class 'problems.ANNOP.ANNOP'>,4694047552,algorithms.random_search,38,0.11122661122661123,0.08713692946058091
<class 'problems.ANNOP.ANNOP'>,4694048416,algorithms.random_search,38,0.11330561330561331,0.07883817427385892
<class 'problems.ANNOP.ANNOP'>,4694047984,algorithms.random_search,38,0.11330561330561331,0.0912863070539419
<class 'problems.ANNOP.ANNOP'>,4693994736,algorithms.random_search,38,0.11434511434511435,0.08713692946058091
<class 'problems.ANNOP.ANNOP'>,4694047120,algorithms.random_search,39,0.11330561330561331,0.0912863070539419
<class 'problems.ANNOP.ANNOP'>,4694047552,algorithms.random_search,39,0.11122661122661123,0.08713692946058091
<class 'problems.ANNOP.ANNOP'>,4694047984,algorithms.random_search,39,0.11330561330561331,0.0912863070539419
<class 'problems.ANNOP.ANNOP'>,4694048416,algorithms.random_search,39,0.11330561330561331,0.07883817427385892
<class 'problems.ANNOP.ANNOP'>,4693994736,algorithms.random_search,39,0.11434511434511435,0.08713692946058091
<class 'problems.ANNOP.ANNOP'>,4694047120,algorithms.random_search,40,0.11330561330561331,0.0912863070539419
<class 'problems.ANNOP.ANNOP'>,4694047552,algorithms.random_search,40,0.11122661122661123,0.08713692946058091
<class 'problems.ANNOP.ANNOP'>,4694047984,algorithms.random_search,40,0.11330561330561331,0.0912863070539419
<class 'problems.ANNOP.ANNOP'>,4694048416,algorithms.random_search,40,0.11330561330561331,0.07883817427385892
<class 'problems.ANNOP.ANNOP'>,4693994736,algorithms.random_search,40,0.11434511434511435,0.08713692946058091
<class 'problems.ANNOP.ANNOP'>,4694047120,algorithms.random_search,41,0.11330561330561331,0.0912863070539419
<class 'problems.ANNOP.ANNOP'>,4694047552,algorithms.random_search,41,0.11122661122661123,0.08713692946058091
<class 'problems.ANNOP.ANNOP'>,4694048416,algorithms.random_search,41,0.11330561330561331,0.07883817427385892
<class 'problems.ANNOP.ANNOP'>,4694047984,algorithms.random_search,41,0.11330561330561331,0.0912863070539419
<class 'problems.ANNOP.ANNOP'>,4693994736,algorithms.random_search,41,0.11434511434511435,0.08713692946058091
<class 'problems.ANNOP.ANNOP'>,4694047120,algorithms.random_search,42,0.11330561330561331,0.0912863070539419
<class 'problems.ANNOP.ANNOP'>,4694047552,algorithms.random_search,42,0.11122661122661123,0.08713692946058091
<class 'problems.ANNOP.ANNOP'>,4694047984,algorithms.random_search,42,0.11330561330561331,0.0912863070539419
<class 'problems.ANNOP.ANNOP'>,4694048416,algorithms.random_search,42,0.11330561330561331,0.07883817427385892
<class 'problems.ANNOP.ANNOP'>,4693994736,algorithms.random_search,42,0.11434511434511435,0.08713692946058091
<class 'problems.ANNOP.ANNOP'>,4694047120,algorithms.random_search,43,0.11330561330561331,0.0912863070539419
<class 'problems.ANNOP.ANNOP'>,4694047552,algorithms.random_search,43,0.11122661122661123,0.08713692946058091
<class 'problems.ANNOP.ANNOP'>,4694047984,algorithms.random_search,43,0.11330561330561331,0.0912863070539419
<class 'problems.ANNOP.ANNOP'>,4694048416,algorithms.random_search,43,0.11330561330561331,0.07883817427385892
<class 'problems.ANNOP.ANNOP'>,4693994736,algorithms.random_search,43,0.11434511434511435,0.08713692946058091
<class 'problems.ANNOP.ANNOP'>,4694047120,algorithms.random_search,44,0.11330561330561331,0.0912863070539419
<class 'problems.ANNOP.ANNOP'>,4694047552,algorithms.random_search,44,0.11122661122661123,0.08713692946058091
<class 'problems.ANNOP.ANNOP'>,4694047984,algorithms.random_search,44,0.11330561330561331,0.0912863070539419
<class 'problems.ANNOP.ANNOP'>,4694048416,algorithms.random_search,44,0.11330561330561331,0.07883817427385892
<class 'problems.ANNOP.ANNOP'>,4693994736,algorithms.random_search,44,0.11434511434511435,0.08713692946058091
<class 'problems.ANNOP.ANNOP'>,4694047120,algorithms.random_search,45,0.11330561330561331,0.0912863070539419
<class 'problems.ANNOP.ANNOP'>,4694047552,algorithms.random_search,45,0.11122661122661123,0.08713692946058091
<class 'problems.ANNOP.ANNOP'>,4694048416,algorithms.random_search,45,0.11330561330561331,0.07883817427385892
<class 'problems.ANNOP.ANNOP'>,4694047984,algorithms.random_search,45,0.11330561330561331,0.0912863070539419
<class 'problems.ANNOP.ANNOP'>,4694047120,algorithms.random_search,46,0.11330561330561331,0.0912863070539419
<class 'problems.ANNOP.ANNOP'>,4693994736,algorithms.random_search,45,0.11434511434511435,0.08713692946058091
<class 'problems.ANNOP.ANNOP'>,4694047552,algorithms.random_search,46,0.11122661122661123,0.08713692946058091
<class 'problems.ANNOP.ANNOP'>,4694048416,algorithms.random_search,46,0.11330561330561331,0.07883817427385892
<class 'problems.ANNOP.ANNOP'>,4694047984,algorithms.random_search,46,0.11330561330561331,0.0912863070539419
<class 'problems.ANNOP.ANNOP'>,4693994736,algorithms.random_search,46,0.11434511434511435,0.08713692946058091
<class 'problems.ANNOP.ANNOP'>,4694047120,algorithms.random_search,47,0.11330561330561331,0.0912863070539419
<class 'problems.ANNOP.ANNOP'>,4694048416,algorithms.random_search,47,0.11330561330561331,0.07883817427385892
<class 'problems.ANNOP.ANNOP'>,4694047552,algorithms.random_search,47,0.11122661122661123,0.08713692946058091
<class 'problems.ANNOP.ANNOP'>,4694047984,algorithms.random_search,47,0.11330561330561331,0.0912863070539419
<class 'problems.ANNOP.ANNOP'>,4693994736,algorithms.random_search,47,0.11434511434511435,0.08713692946058091
<class 'problems.ANNOP.ANNOP'>,4694047120,algorithms.random_search,48,0.11330561330561331,0.0912863070539419
<class 'problems.ANNOP.ANNOP'>,4694048416,algorithms.random_search,48,0.11330561330561331,0.07883817427385892
<class 'problems.ANNOP.ANNOP'>,4694047552,algorithms.random_search,48,0.11122661122661123,0.08713692946058091
<class 'problems.ANNOP.ANNOP'>,4694047984,algorithms.random_search,48,0.11330561330561331,0.0912863070539419
<class 'problems.ANNOP.ANNOP'>,4693994736,algorithms.random_search,48,0.11434511434511435,0.08713692946058091
<class 'problems.ANNOP.ANNOP'>,4694047120,algorithms.random_search,49,0.11330561330561331,0.0912863070539419
<class 'problems.ANNOP.ANNOP'>,4694048416,algorithms.random_search,49,0.11330561330561331,0.07883817427385892
<class 'problems.ANNOP.ANNOP'>,4694047552,algorithms.random_search,49,0.11122661122661123,0.08713692946058091
<class 'problems.ANNOP.ANNOP'>,4694047984,algorithms.random_search,49,0.11330561330561331,0.0912863070539419
<class 'problems.ANNOP.ANNOP'>,4694047120,algorithms.random_search,50,0.11330561330561331,0.0912863070539419
<class 'problems.ANNOP.ANNOP'>,4693994736,algorithms.random_search,49,0.11434511434511435,0.08713692946058091
<class 'problems.ANNOP.ANNOP'>,4694048416,algorithms.random_search,50,0.11330561330561331,0.07883817427385892
<class 'problems.ANNOP.ANNOP'>,4694047552,algorithms.random_search,50,0.11122661122661123,0.08713692946058091
<class 'problems.ANNOP.ANNOP'>,4694047984,algorithms.random_search,50,0.11330561330561331,0.0912863070539419
<class 'problems.ANNOP.ANNOP'>,4693994736,algorithms.random_search,50,0.11434511434511435,0.08713692946058091
<class 'problems.ANNOP.ANNOP'>,4694047120,algorithms.random_search,51,0.11330561330561331,0.0912863070539419
<class 'problems.ANNOP.ANNOP'>,4694048416,algorithms.random_search,51,0.11330561330561331,0.07883817427385892
<class 'problems.ANNOP.ANNOP'>,4694047552,algorithms.random_search,51,0.11122661122661123,0.08713692946058091
<class 'problems.ANNOP.ANNOP'>,4694047984,algorithms.random_search,51,0.11330561330561331,0.0912863070539419
<class 'problems.ANNOP.ANNOP'>,4693994736,algorithms.random_search,51,0.11434511434511435,0.08713692946058091
<class 'problems.ANNOP.ANNOP'>,4694047120,algorithms.random_search,52,0.11330561330561331,0.0912863070539419
<class 'problems.ANNOP.ANNOP'>,4694048416,algorithms.random_search,52,0.11330561330561331,0.07883817427385892
<class 'problems.ANNOP.ANNOP'>,4694047552,algorithms.random_search,52,0.11122661122661123,0.08713692946058091
<class 'problems.ANNOP.ANNOP'>,4694047984,algorithms.random_search,52,0.11330561330561331,0.0912863070539419
<class 'problems.ANNOP.ANNOP'>,4694047120,algorithms.random_search,53,0.11330561330561331,0.0912863070539419
<class 'problems.ANNOP.ANNOP'>,4693994736,algorithms.random_search,52,0.11434511434511435,0.08713692946058091
<class 'problems.ANNOP.ANNOP'>,4694048416,algorithms.random_search,53,0.11330561330561331,0.07883817427385892
<class 'problems.ANNOP.ANNOP'>,4694047552,algorithms.random_search,53,0.11122661122661123,0.08713692946058091
<class 'problems.ANNOP.ANNOP'>,4694047984,algorithms.random_search,53,0.11330561330561331,0.0912863070539419
<class 'problems.ANNOP.ANNOP'>,4694047120,algorithms.random_search,54,0.11330561330561331,0.0912863070539419
<class 'problems.ANNOP.ANNOP'>,4693994736,algorithms.random_search,53,0.11434511434511435,0.08713692946058091
<class 'problems.ANNOP.ANNOP'>,4694048416,algorithms.random_search,54,0.11330561330561331,0.07883817427385892
<class 'problems.ANNOP.ANNOP'>,4694047552,algorithms.random_search,54,0.11122661122661123,0.08713692946058091
<class 'problems.ANNOP.ANNOP'>,4694047984,algorithms.random_search,54,0.11330561330561331,0.0912863070539419
<class 'problems.ANNOP.ANNOP'>,4694047120,algorithms.random_search,55,0.11330561330561331,0.0912863070539419
<class 'problems.ANNOP.ANNOP'>,4693994736,algorithms.random_search,54,0.11434511434511435,0.08713692946058091
<class 'problems.ANNOP.ANNOP'>,4694047552,algorithms.random_search,55,0.11122661122661123,0.08713692946058091
<class 'problems.ANNOP.ANNOP'>,4694048416,algorithms.random_search,55,0.11330561330561331,0.07883817427385892
<class 'problems.ANNOP.ANNOP'>,4694047120,algorithms.random_search,56,0.11330561330561331,0.0912863070539419
<class 'problems.ANNOP.ANNOP'>,4693994736,algorithms.random_search,55,0.11434511434511435,0.08713692946058091
<class 'problems.ANNOP.ANNOP'>,4694047984,algorithms.random_search,55,0.11330561330561331,0.0912863070539419
<class 'problems.ANNOP.ANNOP'>,4694047552,algorithms.random_search,56,0.11122661122661123,0.08713692946058091
<class 'problems.ANNOP.ANNOP'>,4694048416,algorithms.random_search,56,0.11330561330561331,0.07883817427385892
<class 'problems.ANNOP.ANNOP'>,4694047120,algorithms.random_search,57,0.11330561330561331,0.0912863070539419
<class 'problems.ANNOP.ANNOP'>,4693994736,algorithms.random_search,56,0.11434511434511435,0.08713692946058091
<class 'problems.ANNOP.ANNOP'>,4694047984,algorithms.random_search,56,0.11330561330561331,0.0912863070539419
<class 'problems.ANNOP.ANNOP'>,4694047552,algorithms.random_search,57,0.11122661122661123,0.08713692946058091
<class 'problems.ANNOP.ANNOP'>,4694048416,algorithms.random_search,57,0.11330561330561331,0.07883817427385892
<class 'problems.ANNOP.ANNOP'>,4694047120,algorithms.random_search,58,0.11330561330561331,0.0912863070539419
<class 'problems.ANNOP.ANNOP'>,4694047552,algorithms.random_search,58,0.11122661122661123,0.08713692946058091
<class 'problems.ANNOP.ANNOP'>,4694047984,algorithms.random_search,57,0.11330561330561331,0.0912863070539419
<class 'problems.ANNOP.ANNOP'>,4693994736,algorithms.random_search,57,0.11434511434511435,0.08713692946058091
<class 'problems.ANNOP.ANNOP'>,4694048416,algorithms.random_search,58,0.11330561330561331,0.07883817427385892
<class 'problems.ANNOP.ANNOP'>,4694047120,algorithms.random_search,59,0.11330561330561331,0.0912863070539419
<class 'problems.ANNOP.ANNOP'>,4694047552,algorithms.random_search,59,0.11122661122661123,0.08713692946058091
<class 'problems.ANNOP.ANNOP'>,4694047984,algorithms.random_search,58,0.11330561330561331,0.0912863070539419
<class 'problems.ANNOP.ANNOP'>,4693994736,algorithms.random_search,58,0.11434511434511435,0.08713692946058091
<class 'problems.ANNOP.ANNOP'>,4694048416,algorithms.random_search,59,0.11330561330561331,0.07883817427385892
<class 'problems.ANNOP.ANNOP'>,4694047984,algorithms.random_search,59,0.11330561330561331,0.0912863070539419
<class 'problems.ANNOP.ANNOP'>,4694047120,algorithms.random_search,60,0.11330561330561331,0.0912863070539419
<class 'problems.ANNOP.ANNOP'>,4694047552,algorithms.random_search,60,0.11122661122661123,0.08713692946058091
<class 'problems.ANNOP.ANNOP'>,4693994736,algorithms.random_search,59,0.11434511434511435,0.08713692946058091
<class 'problems.ANNOP.ANNOP'>,4694048416,algorithms.random_search,60,0.11330561330561331,0.07883817427385892
<class 'problems.ANNOP.ANNOP'>,4694047120,algorithms.random_search,61,0.11330561330561331,0.0912863070539419
<class 'problems.ANNOP.ANNOP'>,4694047984,algorithms.random_search,60,0.11330561330561331,0.0912863070539419
<class 'problems.ANNOP.ANNOP'>,4694047552,algorithms.random_search,61,0.11122661122661123,0.08713692946058091
<class 'problems.ANNOP.ANNOP'>,4693994736,algorithms.random_search,60,0.11434511434511435,0.08713692946058091
<class 'problems.ANNOP.ANNOP'>,4694048416,algorithms.random_search,61,0.11330561330561331,0.07883817427385892
<class 'problems.ANNOP.ANNOP'>,4694047120,algorithms.random_search,62,0.11330561330561331,0.0912863070539419
<class 'problems.ANNOP.ANNOP'>,4694047552,algorithms.random_search,62,0.11122661122661123,0.08713692946058091
<class 'problems.ANNOP.ANNOP'>,4694047984,algorithms.random_search,61,0.11330561330561331,0.0912863070539419
<class 'problems.ANNOP.ANNOP'>,4693994736,algorithms.random_search,61,0.11434511434511435,0.08713692946058091
<class 'problems.ANNOP.ANNOP'>,4694048416,algorithms.random_search,62,0.11330561330561331,0.07883817427385892
<class 'problems.ANNOP.ANNOP'>,4694047120,algorithms.random_search,63,0.11330561330561331,0.0912863070539419
<class 'problems.ANNOP.ANNOP'>,4694047552,algorithms.random_search,63,0.11122661122661123,0.08713692946058091
<class 'problems.ANNOP.ANNOP'>,4694047984,algorithms.random_search,62,0.11330561330561331,0.0912863070539419
<class 'problems.ANNOP.ANNOP'>,4693994736,algorithms.random_search,62,0.11434511434511435,0.08713692946058091
<class 'problems.ANNOP.ANNOP'>,4694048416,algorithms.random_search,63,0.11330561330561331,0.07883817427385892
<class 'problems.ANNOP.ANNOP'>,4694047120,algorithms.random_search,64,0.11330561330561331,0.0912863070539419
<class 'problems.ANNOP.ANNOP'>,4694047552,algorithms.random_search,64,0.11122661122661123,0.08713692946058091
<class 'problems.ANNOP.ANNOP'>,4694047984,algorithms.random_search,63,0.11330561330561331,0.0912863070539419
<class 'problems.ANNOP.ANNOP'>,4693994736,algorithms.random_search,63,0.11434511434511435,0.08713692946058091
<class 'problems.ANNOP.ANNOP'>,4694048416,algorithms.random_search,64,0.11330561330561331,0.07883817427385892
<class 'problems.ANNOP.ANNOP'>,4694047120,algorithms.random_search,65,0.11330561330561331,0.0912863070539419
<class 'problems.ANNOP.ANNOP'>,4694047552,algorithms.random_search,65,0.11122661122661123,0.08713692946058091
<class 'problems.ANNOP.ANNOP'>,4694047984,algorithms.random_search,64,0.11330561330561331,0.0912863070539419
<class 'problems.ANNOP.ANNOP'>,4693994736,algorithms.random_search,64,0.11434511434511435,0.08713692946058091
<class 'problems.ANNOP.ANNOP'>,4694048416,algorithms.random_search,65,0.11330561330561331,0.07883817427385892
<class 'problems.ANNOP.ANNOP'>,4694047120,algorithms.random_search,66,0.11330561330561331,0.0912863070539419
<class 'problems.ANNOP.ANNOP'>,4694047984,algorithms.random_search,65,0.11330561330561331,0.0912863070539419
<class 'problems.ANNOP.ANNOP'>,4694047552,algorithms.random_search,66,0.11122661122661123,0.08713692946058091
<class 'problems.ANNOP.ANNOP'>,4693994736,algorithms.random_search,65,0.11434511434511435,0.08713692946058091
<class 'problems.ANNOP.ANNOP'>,4694048416,algorithms.random_search,66,0.11330561330561331,0.07883817427385892
<class 'problems.ANNOP.ANNOP'>,4694047120,algorithms.random_search,67,0.11330561330561331,0.0912863070539419
<class 'problems.ANNOP.ANNOP'>,4694047984,algorithms.random_search,66,0.11330561330561331,0.0912863070539419
<class 'problems.ANNOP.ANNOP'>,4694047552,algorithms.random_search,67,0.11122661122661123,0.08713692946058091
<class 'problems.ANNOP.ANNOP'>,4694048416,algorithms.random_search,67,0.11330561330561331,0.07883817427385892
<class 'problems.ANNOP.ANNOP'>,4693994736,algorithms.random_search,66,0.11434511434511435,0.08713692946058091
<class 'problems.ANNOP.ANNOP'>,4694047984,algorithms.random_search,67,0.11330561330561331,0.0912863070539419
<class 'problems.ANNOP.ANNOP'>,4694047120,algorithms.random_search,68,0.11330561330561331,0.0912863070539419
<class 'problems.ANNOP.ANNOP'>,4694047552,algorithms.random_search,68,0.11122661122661123,0.08713692946058091
<class 'problems.ANNOP.ANNOP'>,4693994736,algorithms.random_search,67,0.11434511434511435,0.08713692946058091
<class 'problems.ANNOP.ANNOP'>,4694048416,algorithms.random_search,68,0.11330561330561331,0.07883817427385892
<class 'problems.ANNOP.ANNOP'>,4694047120,algorithms.random_search,69,0.11330561330561331,0.0912863070539419
<class 'problems.ANNOP.ANNOP'>,4694047984,algorithms.random_search,68,0.11330561330561331,0.0912863070539419
<class 'problems.ANNOP.ANNOP'>,4694047552,algorithms.random_search,69,0.11122661122661123,0.08713692946058091
<class 'problems.ANNOP.ANNOP'>,4693994736,algorithms.random_search,68,0.11434511434511435,0.08713692946058091
<class 'problems.ANNOP.ANNOP'>,4694048416,algorithms.random_search,69,0.11330561330561331,0.07883817427385892
<class 'problems.ANNOP.ANNOP'>,4694047984,algorithms.random_search,69,0.11330561330561331,0.0912863070539419
<class 'problems.ANNOP.ANNOP'>,4694047120,algorithms.random_search,70,0.11330561330561331,0.0912863070539419
<class 'problems.ANNOP.ANNOP'>,4694047552,algorithms.random_search,70,0.11122661122661123,0.08713692946058091
<class 'problems.ANNOP.ANNOP'>,4694048416,algorithms.random_search,70,0.11330561330561331,0.07883817427385892
<class 'problems.ANNOP.ANNOP'>,4693994736,algorithms.random_search,69,0.11434511434511435,0.08713692946058091
<class 'problems.ANNOP.ANNOP'>,4694047984,algorithms.random_search,70,0.11330561330561331,0.0912863070539419
<class 'problems.ANNOP.ANNOP'>,4694047120,algorithms.random_search,71,0.11330561330561331,0.0912863070539419
<class 'problems.ANNOP.ANNOP'>,4694047552,algorithms.random_search,71,0.11122661122661123,0.08713692946058091
<class 'problems.ANNOP.ANNOP'>,4694048416,algorithms.random_search,71,0.11330561330561331,0.07883817427385892
<class 'problems.ANNOP.ANNOP'>,4693994736,algorithms.random_search,70,0.11434511434511435,0.08713692946058091
<class 'problems.ANNOP.ANNOP'>,4694047120,algorithms.random_search,72,0.11330561330561331,0.0912863070539419
<class 'problems.ANNOP.ANNOP'>,4694047984,algorithms.random_search,71,0.11330561330561331,0.0912863070539419
<class 'problems.ANNOP.ANNOP'>,4694047552,algorithms.random_search,72,0.11122661122661123,0.08713692946058091
<class 'problems.ANNOP.ANNOP'>,4694048416,algorithms.random_search,72,0.11330561330561331,0.07883817427385892
<class 'problems.ANNOP.ANNOP'>,4693994736,algorithms.random_search,71,0.11434511434511435,0.08713692946058091
<class 'problems.ANNOP.ANNOP'>,4694047984,algorithms.random_search,72,0.11330561330561331,0.0912863070539419
<class 'problems.ANNOP.ANNOP'>,4694047120,algorithms.random_search,73,0.11330561330561331,0.0912863070539419
<class 'problems.ANNOP.ANNOP'>,4694047552,algorithms.random_search,73,0.11122661122661123,0.08713692946058091
<class 'problems.ANNOP.ANNOP'>,4693994736,algorithms.random_search,72,0.11434511434511435,0.08713692946058091
<class 'problems.ANNOP.ANNOP'>,4694048416,algorithms.random_search,73,0.11330561330561331,0.07883817427385892
<class 'problems.ANNOP.ANNOP'>,4694047984,algorithms.random_search,73,0.11330561330561331,0.0912863070539419
<class 'problems.ANNOP.ANNOP'>,4694047120,algorithms.random_search,74,0.11330561330561331,0.0912863070539419
<class 'problems.ANNOP.ANNOP'>,4694047552,algorithms.random_search,74,0.11122661122661123,0.08713692946058091
<class 'problems.ANNOP.ANNOP'>,4694048416,algorithms.random_search,74,0.11330561330561331,0.07883817427385892
<class 'problems.ANNOP.ANNOP'>,4693994736,algorithms.random_search,73,0.11434511434511435,0.08713692946058091
<class 'problems.ANNOP.ANNOP'>,4694047984,algorithms.random_search,74,0.11330561330561331,0.0912863070539419
<class 'problems.ANNOP.ANNOP'>,4694047120,algorithms.random_search,75,0.11330561330561331,0.0912863070539419
<class 'problems.ANNOP.ANNOP'>,4694047552,algorithms.random_search,75,0.11122661122661123,0.08713692946058091
<class 'problems.ANNOP.ANNOP'>,4693994736,algorithms.random_search,74,0.11434511434511435,0.08713692946058091
<class 'problems.ANNOP.ANNOP'>,4694048416,algorithms.random_search,75,0.11330561330561331,0.07883817427385892
<class 'problems.ANNOP.ANNOP'>,4694047984,algorithms.random_search,75,0.11330561330561331,0.0912863070539419
<class 'problems.ANNOP.ANNOP'>,4694047120,algorithms.random_search,76,0.11330561330561331,0.0912863070539419
<class 'problems.ANNOP.ANNOP'>,4694047552,algorithms.random_search,76,0.11122661122661123,0.08713692946058091
<class 'problems.ANNOP.ANNOP'>,4693994736,algorithms.random_search,75,0.11434511434511435,0.08713692946058091
<class 'problems.ANNOP.ANNOP'>,4694048416,algorithms.random_search,76,0.11330561330561331,0.07883817427385892
<class 'problems.ANNOP.ANNOP'>,4694047984,algorithms.random_search,76,0.11330561330561331,0.0912863070539419
<class 'problems.ANNOP.ANNOP'>,4694047120,algorithms.random_search,77,0.11330561330561331,0.0912863070539419
<class 'problems.ANNOP.ANNOP'>,4694048416,algorithms.random_search,77,0.11330561330561331,0.07883817427385892
<class 'problems.ANNOP.ANNOP'>,4694047552,algorithms.random_search,77,0.11122661122661123,0.08713692946058091
<class 'problems.ANNOP.ANNOP'>,4693994736,algorithms.random_search,76,0.11434511434511435,0.08713692946058091
<class 'problems.ANNOP.ANNOP'>,4694047984,algorithms.random_search,77,0.11330561330561331,0.0912863070539419
<class 'problems.ANNOP.ANNOP'>,4694047120,algorithms.random_search,78,0.11330561330561331,0.0912863070539419
<class 'problems.ANNOP.ANNOP'>,4694047552,algorithms.random_search,78,0.11122661122661123,0.08713692946058091
<class 'problems.ANNOP.ANNOP'>,4694048416,algorithms.random_search,78,0.11330561330561331,0.07883817427385892
<class 'problems.ANNOP.ANNOP'>,4693994736,algorithms.random_search,77,0.11434511434511435,0.08713692946058091
<class 'problems.ANNOP.ANNOP'>,4694047984,algorithms.random_search,78,0.11330561330561331,0.0912863070539419
<class 'problems.ANNOP.ANNOP'>,4694047120,algorithms.random_search,79,0.11330561330561331,0.0912863070539419
<class 'problems.ANNOP.ANNOP'>,4694048416,algorithms.random_search,79,0.11330561330561331,0.07883817427385892
<class 'problems.ANNOP.ANNOP'>,4694047552,algorithms.random_search,79,0.11122661122661123,0.08713692946058091
<class 'problems.ANNOP.ANNOP'>,4693994736,algorithms.random_search,78,0.11434511434511435,0.08713692946058091
<class 'problems.ANNOP.ANNOP'>,4694047984,algorithms.random_search,79,0.11330561330561331,0.0912863070539419
<class 'problems.ANNOP.ANNOP'>,4694048416,algorithms.random_search,80,0.11330561330561331,0.07883817427385892
<class 'problems.ANNOP.ANNOP'>,4694047120,algorithms.random_search,80,0.11330561330561331,0.0912863070539419
<class 'problems.ANNOP.ANNOP'>,4694047552,algorithms.random_search,80,0.11122661122661123,0.08713692946058091
<class 'problems.ANNOP.ANNOP'>,4693994736,algorithms.random_search,79,0.11434511434511435,0.08713692946058091
<class 'problems.ANNOP.ANNOP'>,4694047984,algorithms.random_search,80,0.11330561330561331,0.0912863070539419
<class 'problems.ANNOP.ANNOP'>,4694048416,algorithms.random_search,81,0.11330561330561331,0.07883817427385892
<class 'problems.ANNOP.ANNOP'>,4694047120,algorithms.random_search,81,0.11330561330561331,0.0912863070539419
<class 'problems.ANNOP.ANNOP'>,4694047552,algorithms.random_search,81,0.11122661122661123,0.08713692946058091
<class 'problems.ANNOP.ANNOP'>,4693994736,algorithms.random_search,80,0.11434511434511435,0.08713692946058091
<class 'problems.ANNOP.ANNOP'>,4694047984,algorithms.random_search,81,0.11330561330561331,0.0912863070539419
<class 'problems.ANNOP.ANNOP'>,4694047120,algorithms.random_search,82,0.11330561330561331,0.0912863070539419
<class 'problems.ANNOP.ANNOP'>,4694048416,algorithms.random_search,82,0.11330561330561331,0.07883817427385892
<class 'problems.ANNOP.ANNOP'>,4694047552,algorithms.random_search,82,0.11122661122661123,0.08713692946058091
<class 'problems.ANNOP.ANNOP'>,4693994736,algorithms.random_search,81,0.11434511434511435,0.08713692946058091
<class 'problems.ANNOP.ANNOP'>,4694047984,algorithms.random_search,82,0.11330561330561331,0.0912863070539419
<class 'problems.ANNOP.ANNOP'>,4694048416,algorithms.random_search,83,0.11330561330561331,0.07883817427385892
<class 'problems.ANNOP.ANNOP'>,4694047120,algorithms.random_search,83,0.11330561330561331,0.0912863070539419
<class 'problems.ANNOP.ANNOP'>,4694047552,algorithms.random_search,83,0.11122661122661123,0.08713692946058091
<class 'problems.ANNOP.ANNOP'>,4693994736,algorithms.random_search,82,0.11434511434511435,0.08713692946058091
<class 'problems.ANNOP.ANNOP'>,4694047984,algorithms.random_search,83,0.11330561330561331,0.0912863070539419
<class 'problems.ANNOP.ANNOP'>,4694048416,algorithms.random_search,84,0.11330561330561331,0.07883817427385892
<class 'problems.ANNOP.ANNOP'>,4694047120,algorithms.random_search,84,0.11330561330561331,0.0912863070539419
<class 'problems.ANNOP.ANNOP'>,4694047552,algorithms.random_search,84,0.11122661122661123,0.08713692946058091
<class 'problems.ANNOP.ANNOP'>,4693994736,algorithms.random_search,83,0.11434511434511435,0.08713692946058091
<class 'problems.ANNOP.ANNOP'>,4694047984,algorithms.random_search,84,0.11330561330561331,0.0912863070539419
<class 'problems.ANNOP.ANNOP'>,4694048416,algorithms.random_search,85,0.11330561330561331,0.07883817427385892
<class 'problems.ANNOP.ANNOP'>,4694047120,algorithms.random_search,85,0.11330561330561331,0.0912863070539419
<class 'problems.ANNOP.ANNOP'>,4694047552,algorithms.random_search,85,0.11122661122661123,0.08713692946058091
<class 'problems.ANNOP.ANNOP'>,4693994736,algorithms.random_search,84,0.11434511434511435,0.08713692946058091
<class 'problems.ANNOP.ANNOP'>,4694048416,algorithms.random_search,86,0.11330561330561331,0.07883817427385892
<class 'problems.ANNOP.ANNOP'>,4694047984,algorithms.random_search,85,0.11330561330561331,0.0912863070539419
<class 'problems.ANNOP.ANNOP'>,4694047120,algorithms.random_search,86,0.11330561330561331,0.0912863070539419
<class 'problems.ANNOP.ANNOP'>,4694047552,algorithms.random_search,86,0.11122661122661123,0.08713692946058091
<class 'problems.ANNOP.ANNOP'>,4693994736,algorithms.random_search,85,0.11434511434511435,0.08713692946058091
<class 'problems.ANNOP.ANNOP'>,4694047120,algorithms.random_search,87,0.11330561330561331,0.0912863070539419
<class 'problems.ANNOP.ANNOP'>,4694048416,algorithms.random_search,87,0.11330561330561331,0.07883817427385892
<class 'problems.ANNOP.ANNOP'>,4694047984,algorithms.random_search,86,0.11330561330561331,0.0912863070539419
<class 'problems.ANNOP.ANNOP'>,4694047552,algorithms.random_search,87,0.11122661122661123,0.08713692946058091
<class 'problems.ANNOP.ANNOP'>,4693994736,algorithms.random_search,86,0.11434511434511435,0.08713692946058091
<class 'problems.ANNOP.ANNOP'>,4694047984,algorithms.random_search,87,0.11330561330561331,0.0912863070539419
<class 'problems.ANNOP.ANNOP'>,4694048416,algorithms.random_search,88,0.11330561330561331,0.07883817427385892
<class 'problems.ANNOP.ANNOP'>,4694047120,algorithms.random_search,88,0.11330561330561331,0.0912863070539419
<class 'problems.ANNOP.ANNOP'>,4694047552,algorithms.random_search,88,0.11122661122661123,0.08713692946058091
<class 'problems.ANNOP.ANNOP'>,4693994736,algorithms.random_search,87,0.11434511434511435,0.08713692946058091
<class 'problems.ANNOP.ANNOP'>,4694047984,algorithms.random_search,88,0.11330561330561331,0.0912863070539419
<class 'problems.ANNOP.ANNOP'>,4694048416,algorithms.random_search,89,0.11330561330561331,0.07883817427385892
<class 'problems.ANNOP.ANNOP'>,4694047120,algorithms.random_search,89,0.11330561330561331,0.0912863070539419
<class 'problems.ANNOP.ANNOP'>,4694047552,algorithms.random_search,89,0.11122661122661123,0.08713692946058091
<class 'problems.ANNOP.ANNOP'>,4693994736,algorithms.random_search,88,0.11434511434511435,0.08713692946058091
<class 'problems.ANNOP.ANNOP'>,4694047984,algorithms.random_search,89,0.11330561330561331,0.0912863070539419
<class 'problems.ANNOP.ANNOP'>,4694048416,algorithms.random_search,90,0.11330561330561331,0.07883817427385892
<class 'problems.ANNOP.ANNOP'>,4694047120,algorithms.random_search,90,0.11330561330561331,0.0912863070539419
<class 'problems.ANNOP.ANNOP'>,4694047552,algorithms.random_search,90,0.11122661122661123,0.08713692946058091
<class 'problems.ANNOP.ANNOP'>,4693994736,algorithms.random_search,89,0.11434511434511435,0.08713692946058091
<class 'problems.ANNOP.ANNOP'>,4694047984,algorithms.random_search,90,0.11330561330561331,0.0912863070539419
<class 'problems.ANNOP.ANNOP'>,4694048416,algorithms.random_search,91,0.11330561330561331,0.07883817427385892
<class 'problems.ANNOP.ANNOP'>,4694047120,algorithms.random_search,91,0.11330561330561331,0.0912863070539419
<class 'problems.ANNOP.ANNOP'>,4693994736,algorithms.random_search,90,0.11434511434511435,0.08713692946058091
<class 'problems.ANNOP.ANNOP'>,4694047552,algorithms.random_search,91,0.11122661122661123,0.08713692946058091
<class 'problems.ANNOP.ANNOP'>,4694047984,algorithms.random_search,91,0.11330561330561331,0.0912863070539419
<class 'problems.ANNOP.ANNOP'>,4694048416,algorithms.random_search,92,0.11330561330561331,0.07883817427385892
<class 'problems.ANNOP.ANNOP'>,4694047120,algorithms.random_search,92,0.11330561330561331,0.0912863070539419
<class 'problems.ANNOP.ANNOP'>,4694047552,algorithms.random_search,92,0.11122661122661123,0.08713692946058091
<class 'problems.ANNOP.ANNOP'>,4693994736,algorithms.random_search,91,0.11434511434511435,0.08713692946058091
<class 'problems.ANNOP.ANNOP'>,4694047984,algorithms.random_search,92,0.11330561330561331,0.0912863070539419
<class 'problems.ANNOP.ANNOP'>,4694048416,algorithms.random_search,93,0.11330561330561331,0.07883817427385892
<class 'problems.ANNOP.ANNOP'>,4694047120,algorithms.random_search,93,0.11330561330561331,0.0912863070539419
<class 'problems.ANNOP.ANNOP'>,4693994736,algorithms.random_search,92,0.11434511434511435,0.08713692946058091
<class 'problems.ANNOP.ANNOP'>,4694047552,algorithms.random_search,93,0.11122661122661123,0.08713692946058091
<class 'problems.ANNOP.ANNOP'>,4694047984,algorithms.random_search,93,0.11330561330561331,0.0912863070539419
<class 'problems.ANNOP.ANNOP'>,4694048416,algorithms.random_search,94,0.11330561330561331,0.07883817427385892
<class 'problems.ANNOP.ANNOP'>,4694047120,algorithms.random_search,94,0.11330561330561331,0.0912863070539419
<class 'problems.ANNOP.ANNOP'>,4693994736,algorithms.random_search,93,0.11434511434511435,0.08713692946058091
<class 'problems.ANNOP.ANNOP'>,4694047552,algorithms.random_search,94,0.11122661122661123,0.08713692946058091
<class 'problems.ANNOP.ANNOP'>,4694047984,algorithms.random_search,94,0.11330561330561331,0.0912863070539419
<class 'problems.ANNOP.ANNOP'>,4694047120,algorithms.random_search,95,0.11330561330561331,0.0912863070539419
<class 'problems.ANNOP.ANNOP'>,4694048416,algorithms.random_search,95,0.11330561330561331,0.07883817427385892
<class 'problems.ANNOP.ANNOP'>,4694047984,algorithms.random_search,95,0.11330561330561331,0.0912863070539419
<class 'problems.ANNOP.ANNOP'>,4694047552,algorithms.random_search,95,0.11122661122661123,0.08713692946058091
<class 'problems.ANNOP.ANNOP'>,4694047120,algorithms.random_search,96,0.11330561330561331,0.0912863070539419
<class 'problems.ANNOP.ANNOP'>,4693994736,algorithms.random_search,94,0.11434511434511435,0.08713692946058091
<class 'problems.ANNOP.ANNOP'>,4694048416,algorithms.random_search,96,0.11330561330561331,0.07883817427385892
<class 'problems.ANNOP.ANNOP'>,4694047984,algorithms.random_search,96,0.11330561330561331,0.0912863070539419
<class 'problems.ANNOP.ANNOP'>,4694047552,algorithms.random_search,96,0.11122661122661123,0.08713692946058091
<class 'problems.ANNOP.ANNOP'>,4694047120,algorithms.random_search,97,0.11330561330561331,0.0912863070539419
<class 'problems.ANNOP.ANNOP'>,4693994736,algorithms.random_search,95,0.11434511434511435,0.08713692946058091
<class 'problems.ANNOP.ANNOP'>,4694048416,algorithms.random_search,97,0.11330561330561331,0.07883817427385892
<class 'problems.ANNOP.ANNOP'>,4694047984,algorithms.random_search,97,0.11330561330561331,0.0912863070539419
<class 'problems.ANNOP.ANNOP'>,4694047120,algorithms.random_search,98,0.11330561330561331,0.0912863070539419
<class 'problems.ANNOP.ANNOP'>,4693994736,algorithms.random_search,96,0.11434511434511435,0.08713692946058091
<class 'problems.ANNOP.ANNOP'>,4694047552,algorithms.random_search,97,0.11122661122661123,0.08713692946058091
<class 'problems.ANNOP.ANNOP'>,4694048416,algorithms.random_search,98,0.11330561330561331,0.07883817427385892
<class 'problems.ANNOP.ANNOP'>,4694047984,algorithms.random_search,98,0.11330561330561331,0.0912863070539419
<class 'problems.ANNOP.ANNOP'>,4694047120,algorithms.random_search,99,0.11330561330561331,0.0912863070539419
<class 'problems.ANNOP.ANNOP'>,4694047552,algorithms.random_search,98,0.11122661122661123,0.08713692946058091
<class 'problems.ANNOP.ANNOP'>,4693994736,algorithms.random_search,97,0.11434511434511435,0.08713692946058091
<class 'problems.ANNOP.ANNOP'>,4694048416,algorithms.random_search,99,0.11330561330561331,0.07883817427385892
<class 'problems.ANNOP.ANNOP'>,4694047984,algorithms.random_search,99,0.11330561330561331,0.0912863070539419
<class 'problems.ANNOP.ANNOP'>,4694047552,algorithms.random_search,99,0.11122661122661123,0.08713692946058091
<class 'problems.ANNOP.ANNOP'>,4693994736,algorithms.random_search,98,0.11434511434511435,0.08713692946058091
<class 'problems.ANNOP.ANNOP'>,4693994736,algorithms.random_search,99,0.11434511434511435,0.08713692946058091
