<class 'problems.ANNOP.ANNOP'>,4675432808,algorithms.simulated_annealing,0,0.09251559251559252,0.07468879668049792,50,swap_mutation,1.8,0.9
<class 'problems.ANNOP.ANNOP'>,4675423688,algorithms.simulated_annealing,0,0.0945945945945946,0.13278008298755187,50,swap_mutation,1.8,0.9
<class 'problems.ANNOP.ANNOP'>,4675424120,algorithms.simulated_annealing,0,0.0893970893970894,0.12863070539419086,50,swap_mutation,1.8,0.9
<class 'problems.ANNOP.ANNOP'>,4675423256,algorithms.simulated_annealing,0,0.10083160083160084,0.07053941908713693,50,swap_mutation,1.8,0.9
<class 'problems.ANNOP.ANNOP'>,4675366776,algorithms.simulated_annealing,0,0.11434511434511435,0.08713692946058091,50,swap_mutation,1.8,0.9
<class 'problems.ANNOP.ANNOP'>,4675432808,algorithms.simulated_annealing,1,0.09875259875259876,0.0912863070539419,50,swap_mutation,1.62,0.9
<class 'problems.ANNOP.ANNOP'>,4675423688,algorithms.simulated_annealing,1,0.08835758835758836,0.0912863070539419,50,swap_mutation,1.62,0.9
<class 'problems.ANNOP.ANNOP'>,4675424120,algorithms.simulated_annealing,1,0.104989604989605,0.0912863070539419,50,swap_mutation,1.62,0.9
<class 'problems.ANNOP.ANNOP'>,4675423256,algorithms.simulated_annealing,1,0.0841995841995842,0.1078838174273859,50,swap_mutation,1.62,0.9
<class 'problems.ANNOP.ANNOP'>,4675366776,algorithms.simulated_annealing,1,0.11434511434511435,0.08713692946058091,50,swap_mutation,1.62,0.9
<class 'problems.ANNOP.ANNOP'>,4675432808,algorithms.simulated_annealing,2,0.10291060291060292,0.0912863070539419,50,swap_mutation,1.4580000000000002,0.9
<class 'problems.ANNOP.ANNOP'>,4675423688,algorithms.simulated_annealing,2,0.0945945945945946,0.13278008298755187,50,swap_mutation,1.4580000000000002,0.9
<class 'problems.ANNOP.ANNOP'>,4675424120,algorithms.simulated_annealing,2,0.11330561330561331,0.0912863070539419,50,swap_mutation,1.4580000000000002,0.9
<class 'problems.ANNOP.ANNOP'>,4675423256,algorithms.simulated_annealing,2,0.11330561330561331,0.0912863070539419,50,swap_mutation,1.4580000000000002,0.9
<class 'problems.ANNOP.ANNOP'>,4675366776,algorithms.simulated_annealing,2,0.0945945945945946,0.0995850622406639,50,swap_mutation,1.4580000000000002,0.9
<class 'problems.ANNOP.ANNOP'>,4675432808,algorithms.simulated_annealing,3,0.10706860706860707,0.1078838174273859,50,swap_mutation,1.3122000000000003,0.9
<class 'problems.ANNOP.ANNOP'>,4675423256,algorithms.simulated_annealing,3,0.11330561330561331,0.0912863070539419,50,swap_mutation,1.3122000000000003,0.9
<class 'problems.ANNOP.ANNOP'>,4675423688,algorithms.simulated_annealing,3,0.0945945945945946,0.13278008298755187,50,swap_mutation,1.3122000000000003,0.9
<class 'problems.ANNOP.ANNOP'>,4675424120,algorithms.simulated_annealing,3,0.11330561330561331,0.0912863070539419,50,swap_mutation,1.3122000000000003,0.9
<class 'problems.ANNOP.ANNOP'>,4675366776,algorithms.simulated_annealing,3,0.11434511434511435,0.08713692946058091,50,swap_mutation,1.3122000000000003,0.9
<class 'problems.ANNOP.ANNOP'>,4675432808,algorithms.simulated_annealing,4,0.09667359667359668,0.1037344398340249,50,swap_mutation,1.1809800000000004,0.9
<class 'problems.ANNOP.ANNOP'>,4675424120,algorithms.simulated_annealing,4,0.0893970893970894,0.12863070539419086,50,swap_mutation,1.1809800000000004,0.9
<class 'problems.ANNOP.ANNOP'>,4675423256,algorithms.simulated_annealing,4,0.11330561330561331,0.0912863070539419,50,swap_mutation,1.1809800000000004,0.9
<class 'problems.ANNOP.ANNOP'>,4675423688,algorithms.simulated_annealing,4,0.11122661122661123,0.08713692946058091,50,swap_mutation,1.1809800000000004,0.9
<class 'problems.ANNOP.ANNOP'>,4675366776,algorithms.simulated_annealing,4,0.08316008316008316,0.11203319502074689,50,swap_mutation,1.1809800000000004,0.9
<class 'problems.ANNOP.ANNOP'>,4675432808,algorithms.simulated_annealing,5,0.11330561330561331,0.07883817427385892,50,swap_mutation,1.0628820000000003,0.9
<class 'problems.ANNOP.ANNOP'>,4675423256,algorithms.simulated_annealing,5,0.0997920997920998,0.13278008298755187,50,swap_mutation,1.0628820000000003,0.9
<class 'problems.ANNOP.ANNOP'>,4675423688,algorithms.simulated_annealing,5,0.0945945945945946,0.13278008298755187,50,swap_mutation,1.0628820000000003,0.9
<class 'problems.ANNOP.ANNOP'>,4675424120,algorithms.simulated_annealing,5,0.0893970893970894,0.12863070539419086,50,swap_mutation,1.0628820000000003,0.9
<class 'problems.ANNOP.ANNOP'>,4675366776,algorithms.simulated_annealing,5,0.08316008316008316,0.11203319502074689,50,swap_mutation,1.0628820000000003,0.9
<class 'problems.ANNOP.ANNOP'>,4675432808,algorithms.simulated_annealing,6,0.11330561330561331,0.07883817427385892,50,swap_mutation,0.9565938000000003,0.9
<class 'problems.ANNOP.ANNOP'>,4675423256,algorithms.simulated_annealing,6,0.11330561330561331,0.0912863070539419,50,swap_mutation,0.9565938000000003,0.9
<class 'problems.ANNOP.ANNOP'>,4675423688,algorithms.simulated_annealing,6,0.0945945945945946,0.13278008298755187,50,swap_mutation,0.9565938000000003,0.9
<class 'problems.ANNOP.ANNOP'>,4675424120,algorithms.simulated_annealing,6,0.10187110187110188,0.12448132780082988,50,swap_mutation,0.9565938000000003,0.9
<class 'problems.ANNOP.ANNOP'>,4675366776,algorithms.simulated_annealing,6,0.0945945945945946,0.0954356846473029,50,swap_mutation,0.9565938000000003,0.9
<class 'problems.ANNOP.ANNOP'>,4675432808,algorithms.simulated_annealing,7,0.09667359667359668,0.1037344398340249,50,swap_mutation,0.8609344200000003,0.9
<class 'problems.ANNOP.ANNOP'>,4675423256,algorithms.simulated_annealing,7,0.0997920997920998,0.13278008298755187,50,swap_mutation,0.8609344200000003,0.9
<class 'problems.ANNOP.ANNOP'>,4675424120,algorithms.simulated_annealing,7,0.11330561330561331,0.0912863070539419,50,swap_mutation,0.8609344200000003,0.9
<class 'problems.ANNOP.ANNOP'>,4675423688,algorithms.simulated_annealing,7,0.09251559251559252,0.13278008298755187,50,swap_mutation,0.8609344200000003,0.9
<class 'problems.ANNOP.ANNOP'>,4675366776,algorithms.simulated_annealing,7,0.0945945945945946,0.0954356846473029,50,swap_mutation,0.8609344200000003,0.9
<class 'problems.ANNOP.ANNOP'>,4675423256,algorithms.simulated_annealing,8,0.0997920997920998,0.13278008298755187,50,swap_mutation,0.7748409780000003,0.9
<class 'problems.ANNOP.ANNOP'>,4675432808,algorithms.simulated_annealing,8,0.09667359667359668,0.0912863070539419,50,swap_mutation,0.7748409780000003,0.9
<class 'problems.ANNOP.ANNOP'>,4675424120,algorithms.simulated_annealing,8,0.09667359667359668,0.08713692946058091,50,swap_mutation,0.7748409780000003,0.9
<class 'problems.ANNOP.ANNOP'>,4675423688,algorithms.simulated_annealing,8,0.09251559251559252,0.13278008298755187,50,swap_mutation,0.7748409780000003,0.9
<class 'problems.ANNOP.ANNOP'>,4675366776,algorithms.simulated_annealing,8,0.10395010395010396,0.11618257261410789,50,swap_mutation,0.7748409780000003,0.9
<class 'problems.ANNOP.ANNOP'>,4675432808,algorithms.simulated_annealing,9,0.11330561330561331,0.07883817427385892,50,swap_mutation,0.6973568802000003,0.9
<class 'problems.ANNOP.ANNOP'>,4675423256,algorithms.simulated_annealing,9,0.0997920997920998,0.13278008298755187,50,swap_mutation,0.6973568802000003,0.9
<class 'problems.ANNOP.ANNOP'>,4675424120,algorithms.simulated_annealing,9,0.09251559251559252,0.07468879668049792,50,swap_mutation,0.6973568802000003,0.9
<class 'problems.ANNOP.ANNOP'>,4675366776,algorithms.simulated_annealing,9,0.10395010395010396,0.11618257261410789,50,swap_mutation,0.6973568802000003,0.9
<class 'problems.ANNOP.ANNOP'>,4675423688,algorithms.simulated_annealing,9,0.09251559251559252,0.13278008298755187,50,swap_mutation,0.6973568802000003,0.9
<class 'problems.ANNOP.ANNOP'>,4675432808,algorithms.simulated_annealing,10,0.09875259875259876,0.0912863070539419,50,swap_mutation,0.6276211921800003,0.9
<class 'problems.ANNOP.ANNOP'>,4675423256,algorithms.simulated_annealing,10,0.0997920997920998,0.13278008298755187,50,swap_mutation,0.6276211921800003,0.9
<class 'problems.ANNOP.ANNOP'>,4675424120,algorithms.simulated_annealing,10,0.09147609147609148,0.11203319502074689,50,swap_mutation,0.6276211921800003,0.9
<class 'problems.ANNOP.ANNOP'>,4675366776,algorithms.simulated_annealing,10,0.11434511434511435,0.08713692946058091,50,swap_mutation,0.6276211921800003,0.9
<class 'problems.ANNOP.ANNOP'>,4675423688,algorithms.simulated_annealing,10,0.09251559251559252,0.13278008298755187,50,swap_mutation,0.6276211921800003,0.9
<class 'problems.ANNOP.ANNOP'>,4675432808,algorithms.simulated_annealing,11,0.09667359667359668,0.1037344398340249,50,swap_mutation,0.5648590729620003,0.9
<class 'problems.ANNOP.ANNOP'>,4675424120,algorithms.simulated_annealing,11,0.09147609147609148,0.11203319502074689,50,swap_mutation,0.5648590729620003,0.9
<class 'problems.ANNOP.ANNOP'>,4675423256,algorithms.simulated_annealing,11,0.0997920997920998,0.13278008298755187,50,swap_mutation,0.5648590729620003,0.9
<class 'problems.ANNOP.ANNOP'>,4675366776,algorithms.simulated_annealing,11,0.08316008316008316,0.11203319502074689,50,swap_mutation,0.5648590729620003,0.9
<class 'problems.ANNOP.ANNOP'>,4675423688,algorithms.simulated_annealing,11,0.10395010395010396,0.12863070539419086,50,swap_mutation,0.5648590729620003,0.9
<class 'problems.ANNOP.ANNOP'>,4675424120,algorithms.simulated_annealing,12,0.09251559251559252,0.07468879668049792,50,swap_mutation,0.5083731656658003,0.9
<class 'problems.ANNOP.ANNOP'>,4675432808,algorithms.simulated_annealing,12,0.11330561330561331,0.07883817427385892,50,swap_mutation,0.5083731656658003,0.9
<class 'problems.ANNOP.ANNOP'>,4675366776,algorithms.simulated_annealing,12,0.11434511434511435,0.08713692946058091,50,swap_mutation,0.5083731656658003,0.9
<class 'problems.ANNOP.ANNOP'>,4675423256,algorithms.simulated_annealing,12,0.0997920997920998,0.13278008298755187,50,swap_mutation,0.5083731656658003,0.9
<class 'problems.ANNOP.ANNOP'>,4675423688,algorithms.simulated_annealing,12,0.0945945945945946,0.13278008298755187,50,swap_mutation,0.5083731656658003,0.9
<class 'problems.ANNOP.ANNOP'>,4675424120,algorithms.simulated_annealing,13,0.09667359667359668,0.08713692946058091,50,swap_mutation,0.45753584909922024,0.9
<class 'problems.ANNOP.ANNOP'>,4675432808,algorithms.simulated_annealing,13,0.10706860706860707,0.1078838174273859,50,swap_mutation,0.45753584909922024,0.9
<class 'problems.ANNOP.ANNOP'>,4675423256,algorithms.simulated_annealing,13,0.0893970893970894,0.12033195020746888,50,swap_mutation,0.45753584909922024,0.9
<class 'problems.ANNOP.ANNOP'>,4675366776,algorithms.simulated_annealing,13,0.10706860706860707,0.058091286307053944,50,swap_mutation,0.45753584909922024,0.9
<class 'problems.ANNOP.ANNOP'>,4675423688,algorithms.simulated_annealing,13,0.11122661122661123,0.08713692946058091,50,swap_mutation,0.45753584909922024,0.9
<class 'problems.ANNOP.ANNOP'>,4675424120,algorithms.simulated_annealing,14,0.09667359667359668,0.08713692946058091,50,swap_mutation,0.4117822641892982,0.9
<class 'problems.ANNOP.ANNOP'>,4675432808,algorithms.simulated_annealing,14,0.0997920997920998,0.11203319502074689,50,swap_mutation,0.4117822641892982,0.9
<class 'problems.ANNOP.ANNOP'>,4675366776,algorithms.simulated_annealing,14,0.10706860706860707,0.058091286307053944,50,swap_mutation,0.4117822641892982,0.9
<class 'problems.ANNOP.ANNOP'>,4675423256,algorithms.simulated_annealing,14,0.10083160083160084,0.07053941908713693,50,swap_mutation,0.4117822641892982,0.9
<class 'problems.ANNOP.ANNOP'>,4675423688,algorithms.simulated_annealing,14,0.11122661122661123,0.08713692946058091,50,swap_mutation,0.4117822641892982,0.9
<class 'problems.ANNOP.ANNOP'>,4675432808,algorithms.simulated_annealing,15,0.08731808731808732,0.12448132780082988,50,swap_mutation,0.3706040377703684,0.9
<class 'problems.ANNOP.ANNOP'>,4675423256,algorithms.simulated_annealing,15,0.11122661122661123,0.0912863070539419,50,swap_mutation,0.3706040377703684,0.9
<class 'problems.ANNOP.ANNOP'>,4675366776,algorithms.simulated_annealing,15,0.0945945945945946,0.0954356846473029,50,swap_mutation,0.3706040377703684,0.9
<class 'problems.ANNOP.ANNOP'>,4675424120,algorithms.simulated_annealing,15,0.09667359667359668,0.08713692946058091,50,swap_mutation,0.3706040377703684,0.9
<class 'problems.ANNOP.ANNOP'>,4675423688,algorithms.simulated_annealing,15,0.11122661122661123,0.08713692946058091,50,swap_mutation,0.3706040377703684,0.9
<class 'problems.ANNOP.ANNOP'>,4675432808,algorithms.simulated_annealing,16,0.09667359667359668,0.1037344398340249,50,swap_mutation,0.33354363399333153,0.9
<class 'problems.ANNOP.ANNOP'>,4675366776,algorithms.simulated_annealing,16,0.10706860706860707,0.058091286307053944,50,swap_mutation,0.33354363399333153,0.9
<class 'problems.ANNOP.ANNOP'>,4675423256,algorithms.simulated_annealing,16,0.0997920997920998,0.0912863070539419,50,swap_mutation,0.33354363399333153,0.9
<class 'problems.ANNOP.ANNOP'>,4675424120,algorithms.simulated_annealing,16,0.09667359667359668,0.08713692946058091,50,swap_mutation,0.33354363399333153,0.9
<class 'problems.ANNOP.ANNOP'>,4675423688,algorithms.simulated_annealing,16,0.11122661122661123,0.08713692946058091,50,swap_mutation,0.33354363399333153,0.9
<class 'problems.ANNOP.ANNOP'>,4675432808,algorithms.simulated_annealing,17,0.09667359667359668,0.0912863070539419,50,swap_mutation,0.3001892705939984,0.9
<class 'problems.ANNOP.ANNOP'>,4675423256,algorithms.simulated_annealing,17,0.09771309771309772,0.0954356846473029,50,swap_mutation,0.3001892705939984,0.9
<class 'problems.ANNOP.ANNOP'>,4675424120,algorithms.simulated_annealing,17,0.09147609147609148,0.11203319502074689,50,swap_mutation,0.3001892705939984,0.9
<class 'problems.ANNOP.ANNOP'>,4675423688,algorithms.simulated_annealing,17,0.11122661122661123,0.08713692946058091,50,swap_mutation,0.3001892705939984,0.9
<class 'problems.ANNOP.ANNOP'>,4675366776,algorithms.simulated_annealing,17,0.0945945945945946,0.0954356846473029,50,swap_mutation,0.3001892705939984,0.9
<class 'problems.ANNOP.ANNOP'>,4675432808,algorithms.simulated_annealing,18,0.10706860706860707,0.1078838174273859,50,swap_mutation,0.27017034353459857,0.9
<class 'problems.ANNOP.ANNOP'>,4675424120,algorithms.simulated_annealing,18,0.09147609147609148,0.11203319502074689,50,swap_mutation,0.27017034353459857,0.9
<class 'problems.ANNOP.ANNOP'>,4675423256,algorithms.simulated_annealing,18,0.11330561330561331,0.0912863070539419,50,swap_mutation,0.27017034353459857,0.9
<class 'problems.ANNOP.ANNOP'>,4675423688,algorithms.simulated_annealing,18,0.10706860706860707,0.058091286307053944,50,swap_mutation,0.27017034353459857,0.9
<class 'problems.ANNOP.ANNOP'>,4675366776,algorithms.simulated_annealing,18,0.0945945945945946,0.0995850622406639,50,swap_mutation,0.27017034353459857,0.9
<class 'problems.ANNOP.ANNOP'>,4675432808,algorithms.simulated_annealing,19,0.08731808731808732,0.12448132780082988,50,swap_mutation,0.24315330918113873,0.9
<class 'problems.ANNOP.ANNOP'>,4675423688,algorithms.simulated_annealing,19,0.09251559251559252,0.13278008298755187,50,swap_mutation,0.24315330918113873,0.9
<class 'problems.ANNOP.ANNOP'>,4675424120,algorithms.simulated_annealing,19,0.09147609147609148,0.11203319502074689,50,swap_mutation,0.24315330918113873,0.9
<class 'problems.ANNOP.ANNOP'>,4675423256,algorithms.simulated_annealing,19,0.11330561330561331,0.0912863070539419,50,swap_mutation,0.24315330918113873,0.9
<class 'problems.ANNOP.ANNOP'>,4675366776,algorithms.simulated_annealing,19,0.08316008316008316,0.11203319502074689,50,swap_mutation,0.24315330918113873,0.9
<class 'problems.ANNOP.ANNOP'>,4675432808,algorithms.simulated_annealing,20,0.10291060291060292,0.0912863070539419,50,swap_mutation,0.21883797826302487,0.9
<class 'problems.ANNOP.ANNOP'>,4675423688,algorithms.simulated_annealing,20,0.10395010395010396,0.12863070539419086,50,swap_mutation,0.21883797826302487,0.9
<class 'problems.ANNOP.ANNOP'>,4675424120,algorithms.simulated_annealing,20,0.09147609147609148,0.11203319502074689,50,swap_mutation,0.21883797826302487,0.9
<class 'problems.ANNOP.ANNOP'>,4675423256,algorithms.simulated_annealing,20,0.10810810810810811,0.07883817427385892,50,swap_mutation,0.21883797826302487,0.9
<class 'problems.ANNOP.ANNOP'>,4675366776,algorithms.simulated_annealing,20,0.10395010395010396,0.11618257261410789,50,swap_mutation,0.21883797826302487,0.9
<class 'problems.ANNOP.ANNOP'>,4675432808,algorithms.simulated_annealing,21,0.10291060291060292,0.0912863070539419,50,swap_mutation,0.1969541804367224,0.9
<class 'problems.ANNOP.ANNOP'>,4675423688,algorithms.simulated_annealing,21,0.09667359667359668,0.08713692946058091,50,swap_mutation,0.1969541804367224,0.9
<class 'problems.ANNOP.ANNOP'>,4675424120,algorithms.simulated_annealing,21,0.09251559251559252,0.07468879668049792,50,swap_mutation,0.1969541804367224,0.9
<class 'problems.ANNOP.ANNOP'>,4675366776,algorithms.simulated_annealing,21,0.0945945945945946,0.0995850622406639,50,swap_mutation,0.1969541804367224,0.9
<class 'problems.ANNOP.ANNOP'>,4675423256,algorithms.simulated_annealing,21,0.0997920997920998,0.13278008298755187,50,swap_mutation,0.1969541804367224,0.9
<class 'problems.ANNOP.ANNOP'>,4675432808,algorithms.simulated_annealing,22,0.09875259875259876,0.0912863070539419,50,swap_mutation,0.17725876239305016,0.9
<class 'problems.ANNOP.ANNOP'>,4675423688,algorithms.simulated_annealing,22,0.10395010395010396,0.12863070539419086,50,swap_mutation,0.17725876239305016,0.9
<class 'problems.ANNOP.ANNOP'>,4675424120,algorithms.simulated_annealing,22,0.104989604989605,0.0912863070539419,50,swap_mutation,0.17725876239305016,0.9
<class 'problems.ANNOP.ANNOP'>,4675366776,algorithms.simulated_annealing,22,0.10395010395010396,0.11618257261410789,50,swap_mutation,0.17725876239305016,0.9
<class 'problems.ANNOP.ANNOP'>,4675423256,algorithms.simulated_annealing,22,0.11330561330561331,0.0912863070539419,50,swap_mutation,0.17725876239305016,0.9
<class 'problems.ANNOP.ANNOP'>,4675432808,algorithms.simulated_annealing,23,0.09875259875259876,0.0912863070539419,50,swap_mutation,0.15953288615374514,0.9
<class 'problems.ANNOP.ANNOP'>,4675423688,algorithms.simulated_annealing,23,0.10706860706860707,0.058091286307053944,50,swap_mutation,0.15953288615374514,0.9
<class 'problems.ANNOP.ANNOP'>,4675424120,algorithms.simulated_annealing,23,0.09251559251559252,0.07468879668049792,50,swap_mutation,0.15953288615374514,0.9
<class 'problems.ANNOP.ANNOP'>,4675366776,algorithms.simulated_annealing,23,0.0945945945945946,0.0995850622406639,50,swap_mutation,0.15953288615374514,0.9
<class 'problems.ANNOP.ANNOP'>,4675423256,algorithms.simulated_annealing,23,0.0997920997920998,0.13278008298755187,50,swap_mutation,0.15953288615374514,0.9
<class 'problems.ANNOP.ANNOP'>,4675432808,algorithms.simulated_annealing,24,0.09875259875259876,0.0912863070539419,50,swap_mutation,0.14357959753837063,0.9
<class 'problems.ANNOP.ANNOP'>,4675423688,algorithms.simulated_annealing,24,0.08835758835758836,0.0912863070539419,50,swap_mutation,0.14357959753837063,0.9
<class 'problems.ANNOP.ANNOP'>,4675424120,algorithms.simulated_annealing,24,0.09251559251559252,0.07468879668049792,50,swap_mutation,0.14357959753837063,0.9
<class 'problems.ANNOP.ANNOP'>,4675366776,algorithms.simulated_annealing,24,0.10291060291060292,0.0912863070539419,50,swap_mutation,0.14357959753837063,0.9
<class 'problems.ANNOP.ANNOP'>,4675423256,algorithms.simulated_annealing,24,0.0997920997920998,0.13278008298755187,50,swap_mutation,0.14357959753837063,0.9
<class 'problems.ANNOP.ANNOP'>,4675432808,algorithms.simulated_annealing,25,0.09667359667359668,0.0912863070539419,50,swap_mutation,0.12922163778453358,0.9
<class 'problems.ANNOP.ANNOP'>,4675423688,algorithms.simulated_annealing,25,0.08835758835758836,0.0912863070539419,50,swap_mutation,0.12922163778453358,0.9
<class 'problems.ANNOP.ANNOP'>,4675424120,algorithms.simulated_annealing,25,0.09667359667359668,0.08713692946058091,50,swap_mutation,0.12922163778453358,0.9
<class 'problems.ANNOP.ANNOP'>,4675366776,algorithms.simulated_annealing,25,0.0945945945945946,0.13278008298755187,50,swap_mutation,0.12922163778453358,0.9
<class 'problems.ANNOP.ANNOP'>,4675423256,algorithms.simulated_annealing,25,0.0997920997920998,0.13278008298755187,50,swap_mutation,0.12922163778453358,0.9
<class 'problems.ANNOP.ANNOP'>,4675432808,algorithms.simulated_annealing,26,0.104989604989605,0.12448132780082988,50,swap_mutation,0.11629947400608022,0.9
<class 'problems.ANNOP.ANNOP'>,4675423688,algorithms.simulated_annealing,26,0.10706860706860707,0.058091286307053944,50,swap_mutation,0.11629947400608022,0.9
<class 'problems.ANNOP.ANNOP'>,4675424120,algorithms.simulated_annealing,26,0.09147609147609148,0.11203319502074689,50,swap_mutation,0.11629947400608022,0.9
<class 'problems.ANNOP.ANNOP'>,4675366776,algorithms.simulated_annealing,26,0.10291060291060292,0.0912863070539419,50,swap_mutation,0.11629947400608022,0.9
<class 'problems.ANNOP.ANNOP'>,4675423256,algorithms.simulated_annealing,26,0.0997920997920998,0.13278008298755187,50,swap_mutation,0.11629947400608022,0.9
<class 'problems.ANNOP.ANNOP'>,4675432808,algorithms.simulated_annealing,27,0.09667359667359668,0.0912863070539419,50,swap_mutation,0.1046695266054722,0.9
<class 'problems.ANNOP.ANNOP'>,4675423688,algorithms.simulated_annealing,27,0.10395010395010396,0.06224066390041494,50,swap_mutation,0.1046695266054722,0.9
<class 'problems.ANNOP.ANNOP'>,4675424120,algorithms.simulated_annealing,27,0.11330561330561331,0.0912863070539419,50,swap_mutation,0.1046695266054722,0.9
<class 'problems.ANNOP.ANNOP'>,4675366776,algorithms.simulated_annealing,27,0.10291060291060292,0.0912863070539419,50,swap_mutation,0.1046695266054722,0.9
<class 'problems.ANNOP.ANNOP'>,4675423256,algorithms.simulated_annealing,27,0.09771309771309772,0.0954356846473029,50,swap_mutation,0.1046695266054722,0.9
<class 'problems.ANNOP.ANNOP'>,4675432808,algorithms.simulated_annealing,28,0.0997920997920998,0.11203319502074689,50,swap_mutation,0.09420257394492498,0.9
<class 'problems.ANNOP.ANNOP'>,4675423688,algorithms.simulated_annealing,28,0.10706860706860707,0.058091286307053944,50,swap_mutation,0.09420257394492498,0.9
<class 'problems.ANNOP.ANNOP'>,4675424120,algorithms.simulated_annealing,28,0.11330561330561331,0.0912863070539419,50,swap_mutation,0.09420257394492498,0.9
<class 'problems.ANNOP.ANNOP'>,4675366776,algorithms.simulated_annealing,28,0.10291060291060292,0.0912863070539419,50,swap_mutation,0.09420257394492498,0.9
<class 'problems.ANNOP.ANNOP'>,4675423256,algorithms.simulated_annealing,28,0.10083160083160084,0.07053941908713693,50,swap_mutation,0.09420257394492498,0.9
<class 'problems.ANNOP.ANNOP'>,4675432808,algorithms.simulated_annealing,29,0.0997920997920998,0.11203319502074689,50,swap_mutation,0.08478231655043249,0.9
<class 'problems.ANNOP.ANNOP'>,4675423688,algorithms.simulated_annealing,29,0.10291060291060292,0.12448132780082988,50,swap_mutation,0.08478231655043249,0.9
<class 'problems.ANNOP.ANNOP'>,4675366776,algorithms.simulated_annealing,29,0.08316008316008316,0.11203319502074689,50,swap_mutation,0.08478231655043249,0.9
<class 'problems.ANNOP.ANNOP'>,4675424120,algorithms.simulated_annealing,29,0.11330561330561331,0.0912863070539419,50,swap_mutation,0.08478231655043249,0.9
<class 'problems.ANNOP.ANNOP'>,4675423256,algorithms.simulated_annealing,29,0.0893970893970894,0.12033195020746888,50,swap_mutation,0.08478231655043249,0.9
<class 'problems.ANNOP.ANNOP'>,4675432808,algorithms.simulated_annealing,30,0.10291060291060292,0.0912863070539419,50,swap_mutation,0.07630408489538924,0.9
<class 'problems.ANNOP.ANNOP'>,4675423688,algorithms.simulated_annealing,30,0.10291060291060292,0.12448132780082988,50,swap_mutation,0.07630408489538924,0.9
<class 'problems.ANNOP.ANNOP'>,4675366776,algorithms.simulated_annealing,30,0.09875259875259876,0.0954356846473029,50,swap_mutation,0.07630408489538924,0.9
<class 'problems.ANNOP.ANNOP'>,4675424120,algorithms.simulated_annealing,30,0.10187110187110188,0.12448132780082988,50,swap_mutation,0.07630408489538924,0.9
<class 'problems.ANNOP.ANNOP'>,4675423256,algorithms.simulated_annealing,30,0.10083160083160084,0.07053941908713693,50,swap_mutation,0.07630408489538924,0.9
<class 'problems.ANNOP.ANNOP'>,4675432808,algorithms.simulated_annealing,31,0.10291060291060292,0.0912863070539419,50,swap_mutation,0.06867367640585031,0.9
<class 'problems.ANNOP.ANNOP'>,4675423688,algorithms.simulated_annealing,31,0.09667359667359668,0.08713692946058091,50,swap_mutation,0.06867367640585031,0.9
<class 'problems.ANNOP.ANNOP'>,4675366776,algorithms.simulated_annealing,31,0.09875259875259876,0.0954356846473029,50,swap_mutation,0.06867367640585031,0.9
<class 'problems.ANNOP.ANNOP'>,4675424120,algorithms.simulated_annealing,31,0.0893970893970894,0.12863070539419086,50,swap_mutation,0.06867367640585031,0.9
<class 'problems.ANNOP.ANNOP'>,4675423256,algorithms.simulated_annealing,31,0.11330561330561331,0.0912863070539419,50,swap_mutation,0.06867367640585031,0.9
<class 'problems.ANNOP.ANNOP'>,4675432808,algorithms.simulated_annealing,32,0.0997920997920998,0.11203319502074689,50,swap_mutation,0.061806308765265286,0.9
<class 'problems.ANNOP.ANNOP'>,4675423688,algorithms.simulated_annealing,32,0.09667359667359668,0.08713692946058091,50,swap_mutation,0.061806308765265286,0.9
<class 'problems.ANNOP.ANNOP'>,4675366776,algorithms.simulated_annealing,32,0.0945945945945946,0.13278008298755187,50,swap_mutation,0.061806308765265286,0.9
<class 'problems.ANNOP.ANNOP'>,4675424120,algorithms.simulated_annealing,32,0.0893970893970894,0.12863070539419086,50,swap_mutation,0.061806308765265286,0.9
<class 'problems.ANNOP.ANNOP'>,4675423256,algorithms.simulated_annealing,32,0.0841995841995842,0.1078838174273859,50,swap_mutation,0.061806308765265286,0.9
<class 'problems.ANNOP.ANNOP'>,4675432808,algorithms.simulated_annealing,33,0.09667359667359668,0.1037344398340249,50,swap_mutation,0.05562567788873876,0.9
<class 'problems.ANNOP.ANNOP'>,4675423688,algorithms.simulated_annealing,33,0.10395010395010396,0.12863070539419086,50,swap_mutation,0.05562567788873876,0.9
<class 'problems.ANNOP.ANNOP'>,4675366776,algorithms.simulated_annealing,33,0.0945945945945946,0.13278008298755187,50,swap_mutation,0.05562567788873876,0.9
<class 'problems.ANNOP.ANNOP'>,4675424120,algorithms.simulated_annealing,33,0.09875259875259876,0.0954356846473029,50,swap_mutation,0.05562567788873876,0.9
<class 'problems.ANNOP.ANNOP'>,4675423256,algorithms.simulated_annealing,33,0.0997920997920998,0.0912863070539419,50,swap_mutation,0.05562567788873876,0.9
<class 'problems.ANNOP.ANNOP'>,4675432808,algorithms.simulated_annealing,34,0.09875259875259876,0.0912863070539419,50,swap_mutation,0.05006311009986489,0.9
<class 'problems.ANNOP.ANNOP'>,4675423688,algorithms.simulated_annealing,34,0.10395010395010396,0.12863070539419086,50,swap_mutation,0.05006311009986489,0.9
<class 'problems.ANNOP.ANNOP'>,4675366776,algorithms.simulated_annealing,34,0.10291060291060292,0.0912863070539419,50,swap_mutation,0.05006311009986489,0.9
<class 'problems.ANNOP.ANNOP'>,4675424120,algorithms.simulated_annealing,34,0.09875259875259876,0.0954356846473029,50,swap_mutation,0.05006311009986489,0.9
<class 'problems.ANNOP.ANNOP'>,4675423256,algorithms.simulated_annealing,34,0.0997920997920998,0.0912863070539419,50,swap_mutation,0.05006311009986489,0.9
<class 'problems.ANNOP.ANNOP'>,4675432808,algorithms.simulated_annealing,35,0.10706860706860707,0.1078838174273859,50,swap_mutation,0.0450567990898784,0.9
<class 'problems.ANNOP.ANNOP'>,4675423688,algorithms.simulated_annealing,35,0.10395010395010396,0.12863070539419086,50,swap_mutation,0.0450567990898784,0.9
<class 'problems.ANNOP.ANNOP'>,4675424120,algorithms.simulated_annealing,35,0.11330561330561331,0.0912863070539419,50,swap_mutation,0.0450567990898784,0.9
<class 'problems.ANNOP.ANNOP'>,4675366776,algorithms.simulated_annealing,35,0.09875259875259876,0.0954356846473029,50,swap_mutation,0.0450567990898784,0.9
<class 'problems.ANNOP.ANNOP'>,4675423256,algorithms.simulated_annealing,35,0.0893970893970894,0.12033195020746888,50,swap_mutation,0.0450567990898784,0.9
<class 'problems.ANNOP.ANNOP'>,4675432808,algorithms.simulated_annealing,36,0.10706860706860707,0.1078838174273859,50,swap_mutation,0.040551119180890556,0.9
<class 'problems.ANNOP.ANNOP'>,4675423688,algorithms.simulated_annealing,36,0.10395010395010396,0.12863070539419086,50,swap_mutation,0.040551119180890556,0.9
<class 'problems.ANNOP.ANNOP'>,4675424120,algorithms.simulated_annealing,36,0.11330561330561331,0.0912863070539419,50,swap_mutation,0.040551119180890556,0.9
<class 'problems.ANNOP.ANNOP'>,4675366776,algorithms.simulated_annealing,36,0.0945945945945946,0.0995850622406639,50,swap_mutation,0.040551119180890556,0.9
<class 'problems.ANNOP.ANNOP'>,4675423256,algorithms.simulated_annealing,36,0.10810810810810811,0.07883817427385892,50,swap_mutation,0.040551119180890556,0.9
<class 'problems.ANNOP.ANNOP'>,4675432808,algorithms.simulated_annealing,37,0.10706860706860707,0.1078838174273859,50,swap_mutation,0.0364960072628015,0.9
<class 'problems.ANNOP.ANNOP'>,4675423688,algorithms.simulated_annealing,37,0.0945945945945946,0.13278008298755187,50,swap_mutation,0.0364960072628015,0.9
<class 'problems.ANNOP.ANNOP'>,4675424120,algorithms.simulated_annealing,37,0.11330561330561331,0.0912863070539419,50,swap_mutation,0.0364960072628015,0.9
<class 'problems.ANNOP.ANNOP'>,4675366776,algorithms.simulated_annealing,37,0.10602910602910603,0.11203319502074689,50,swap_mutation,0.0364960072628015,0.9
<class 'problems.ANNOP.ANNOP'>,4675423256,algorithms.simulated_annealing,37,0.0893970893970894,0.12033195020746888,50,swap_mutation,0.0364960072628015,0.9
<class 'problems.ANNOP.ANNOP'>,4675432808,algorithms.simulated_annealing,38,0.104989604989605,0.12448132780082988,50,swap_mutation,0.03284640653652135,0.9
<class 'problems.ANNOP.ANNOP'>,4675423688,algorithms.simulated_annealing,38,0.10706860706860707,0.058091286307053944,50,swap_mutation,0.03284640653652135,0.9
<class 'problems.ANNOP.ANNOP'>,4675366776,algorithms.simulated_annealing,38,0.10706860706860707,0.058091286307053944,50,swap_mutation,0.03284640653652135,0.9
<class 'problems.ANNOP.ANNOP'>,4675424120,algorithms.simulated_annealing,38,0.11330561330561331,0.0912863070539419,50,swap_mutation,0.03284640653652135,0.9
<class 'problems.ANNOP.ANNOP'>,4675423256,algorithms.simulated_annealing,38,0.10083160083160084,0.07053941908713693,50,swap_mutation,0.03284640653652135,0.9
<class 'problems.ANNOP.ANNOP'>,4675432808,algorithms.simulated_annealing,39,0.10291060291060292,0.0912863070539419,50,swap_mutation,0.029561765882869215,0.9
<class 'problems.ANNOP.ANNOP'>,4675423688,algorithms.simulated_annealing,39,0.10395010395010396,0.12863070539419086,50,swap_mutation,0.029561765882869215,0.9
<class 'problems.ANNOP.ANNOP'>,4675366776,algorithms.simulated_annealing,39,0.10706860706860707,0.058091286307053944,50,swap_mutation,0.029561765882869215,0.9
<class 'problems.ANNOP.ANNOP'>,4675424120,algorithms.simulated_annealing,39,0.104989604989605,0.0912863070539419,50,swap_mutation,0.029561765882869215,0.9
<class 'problems.ANNOP.ANNOP'>,4675423256,algorithms.simulated_annealing,39,0.10810810810810811,0.07883817427385892,50,swap_mutation,0.029561765882869215,0.9
<class 'problems.ANNOP.ANNOP'>,4675432808,algorithms.simulated_annealing,40,0.10291060291060292,0.0912863070539419,50,swap_mutation,0.026605589294582295,0.9
<class 'problems.ANNOP.ANNOP'>,4675423688,algorithms.simulated_annealing,40,0.0945945945945946,0.13278008298755187,50,swap_mutation,0.026605589294582295,0.9
<class 'problems.ANNOP.ANNOP'>,4675424120,algorithms.simulated_annealing,40,0.104989604989605,0.0912863070539419,50,swap_mutation,0.026605589294582295,0.9
<class 'problems.ANNOP.ANNOP'>,4675423256,algorithms.simulated_annealing,40,0.09563409563409564,0.12033195020746888,50,swap_mutation,0.026605589294582295,0.9
<class 'problems.ANNOP.ANNOP'>,4675366776,algorithms.simulated_annealing,40,0.10706860706860707,0.058091286307053944,50,swap_mutation,0.026605589294582295,0.9
<class 'problems.ANNOP.ANNOP'>,4675432808,algorithms.simulated_annealing,41,0.104989604989605,0.12448132780082988,50,swap_mutation,0.023945030365124065,0.9
<class 'problems.ANNOP.ANNOP'>,4675423688,algorithms.simulated_annealing,41,0.0945945945945946,0.13278008298755187,50,swap_mutation,0.023945030365124065,0.9
<class 'problems.ANNOP.ANNOP'>,4675424120,algorithms.simulated_annealing,41,0.09667359667359668,0.08713692946058091,50,swap_mutation,0.023945030365124065,0.9
<class 'problems.ANNOP.ANNOP'>,4675423256,algorithms.simulated_annealing,41,0.0841995841995842,0.1078838174273859,50,swap_mutation,0.023945030365124065,0.9
<class 'problems.ANNOP.ANNOP'>,4675366776,algorithms.simulated_annealing,41,0.10602910602910603,0.11203319502074689,50,swap_mutation,0.023945030365124065,0.9
<class 'problems.ANNOP.ANNOP'>,4675432808,algorithms.simulated_annealing,42,0.09667359667359668,0.1037344398340249,50,swap_mutation,0.02155052732861166,0.9
<class 'problems.ANNOP.ANNOP'>,4675423688,algorithms.simulated_annealing,42,0.08835758835758836,0.0912863070539419,50,swap_mutation,0.02155052732861166,0.9
<class 'problems.ANNOP.ANNOP'>,4675424120,algorithms.simulated_annealing,42,0.09667359667359668,0.08713692946058091,50,swap_mutation,0.02155052732861166,0.9
<class 'problems.ANNOP.ANNOP'>,4675423256,algorithms.simulated_annealing,42,0.0841995841995842,0.1078838174273859,50,swap_mutation,0.02155052732861166,0.9
<class 'problems.ANNOP.ANNOP'>,4675366776,algorithms.simulated_annealing,42,0.11434511434511435,0.08713692946058091,50,swap_mutation,0.02155052732861166,0.9
<class 'problems.ANNOP.ANNOP'>,4675432808,algorithms.simulated_annealing,43,0.104989604989605,0.12448132780082988,50,swap_mutation,0.019395474595750493,0.9
<class 'problems.ANNOP.ANNOP'>,4675423688,algorithms.simulated_annealing,43,0.10395010395010396,0.06224066390041494,50,swap_mutation,0.019395474595750493,0.9
<class 'problems.ANNOP.ANNOP'>,4675424120,algorithms.simulated_annealing,43,0.104989604989605,0.0912863070539419,50,swap_mutation,0.019395474595750493,0.9
<class 'problems.ANNOP.ANNOP'>,4675423256,algorithms.simulated_annealing,43,0.10083160083160084,0.07053941908713693,50,swap_mutation,0.019395474595750493,0.9
<class 'problems.ANNOP.ANNOP'>,4675366776,algorithms.simulated_annealing,43,0.0945945945945946,0.0954356846473029,50,swap_mutation,0.019395474595750493,0.9
<class 'problems.ANNOP.ANNOP'>,4675432808,algorithms.simulated_annealing,44,0.0997920997920998,0.11203319502074689,50,swap_mutation,0.017455927136175445,0.9
<class 'problems.ANNOP.ANNOP'>,4675423688,algorithms.simulated_annealing,44,0.08835758835758836,0.0912863070539419,50,swap_mutation,0.017455927136175445,0.9
<class 'problems.ANNOP.ANNOP'>,4675424120,algorithms.simulated_annealing,44,0.104989604989605,0.0912863070539419,50,swap_mutation,0.017455927136175445,0.9
<class 'problems.ANNOP.ANNOP'>,4675423256,algorithms.simulated_annealing,44,0.0841995841995842,0.1078838174273859,50,swap_mutation,0.017455927136175445,0.9
<class 'problems.ANNOP.ANNOP'>,4675366776,algorithms.simulated_annealing,44,0.0945945945945946,0.0954356846473029,50,swap_mutation,0.017455927136175445,0.9
<class 'problems.ANNOP.ANNOP'>,4675432808,algorithms.simulated_annealing,45,0.09667359667359668,0.1037344398340249,50,swap_mutation,0.0157103344225579,0.9
<class 'problems.ANNOP.ANNOP'>,4675423688,algorithms.simulated_annealing,45,0.08835758835758836,0.0912863070539419,50,swap_mutation,0.0157103344225579,0.9
<class 'problems.ANNOP.ANNOP'>,4675424120,algorithms.simulated_annealing,45,0.104989604989605,0.0912863070539419,50,swap_mutation,0.0157103344225579,0.9
<class 'problems.ANNOP.ANNOP'>,4675423256,algorithms.simulated_annealing,45,0.0841995841995842,0.1078838174273859,50,swap_mutation,0.0157103344225579,0.9
<class 'problems.ANNOP.ANNOP'>,4675366776,algorithms.simulated_annealing,45,0.0945945945945946,0.0954356846473029,50,swap_mutation,0.0157103344225579,0.9
<class 'problems.ANNOP.ANNOP'>,4675432808,algorithms.simulated_annealing,46,0.0997920997920998,0.11203319502074689,50,swap_mutation,0.01413930098030211,0.9
<class 'problems.ANNOP.ANNOP'>,4675423688,algorithms.simulated_annealing,46,0.08835758835758836,0.0912863070539419,50,swap_mutation,0.01413930098030211,0.9
<class 'problems.ANNOP.ANNOP'>,4675424120,algorithms.simulated_annealing,46,0.09875259875259876,0.0954356846473029,50,swap_mutation,0.01413930098030211,0.9
<class 'problems.ANNOP.ANNOP'>,4675423256,algorithms.simulated_annealing,46,0.10810810810810811,0.07883817427385892,50,swap_mutation,0.01413930098030211,0.9
<class 'problems.ANNOP.ANNOP'>,4675366776,algorithms.simulated_annealing,46,0.11434511434511435,0.08713692946058091,50,swap_mutation,0.01413930098030211,0.9
<class 'problems.ANNOP.ANNOP'>,4675432808,algorithms.simulated_annealing,47,0.09667359667359668,0.0912863070539419,50,swap_mutation,0.0127253708822719,0.9
<class 'problems.ANNOP.ANNOP'>,4675423688,algorithms.simulated_annealing,47,0.10395010395010396,0.12863070539419086,50,swap_mutation,0.0127253708822719,0.9
<class 'problems.ANNOP.ANNOP'>,4675424120,algorithms.simulated_annealing,47,0.104989604989605,0.0912863070539419,50,swap_mutation,0.0127253708822719,0.9
<class 'problems.ANNOP.ANNOP'>,4675423256,algorithms.simulated_annealing,47,0.0997920997920998,0.13278008298755187,50,swap_mutation,0.0127253708822719,0.9
<class 'problems.ANNOP.ANNOP'>,4675366776,algorithms.simulated_annealing,47,0.11434511434511435,0.08713692946058091,50,swap_mutation,0.0127253708822719,0.9
<class 'problems.ANNOP.ANNOP'>,4675432808,algorithms.simulated_annealing,48,0.10291060291060292,0.0912863070539419,50,swap_mutation,0.01145283379404471,0.9
<class 'problems.ANNOP.ANNOP'>,4675423688,algorithms.simulated_annealing,48,0.09667359667359668,0.08713692946058091,50,swap_mutation,0.01145283379404471,0.9
<class 'problems.ANNOP.ANNOP'>,4675424120,algorithms.simulated_annealing,48,0.104989604989605,0.11618257261410789,50,swap_mutation,0.01145283379404471,0.9
<class 'problems.ANNOP.ANNOP'>,4675366776,algorithms.simulated_annealing,48,0.11434511434511435,0.08713692946058091,50,swap_mutation,0.01145283379404471,0.9
<class 'problems.ANNOP.ANNOP'>,4675423256,algorithms.simulated_annealing,48,0.0997920997920998,0.13278008298755187,50,swap_mutation,0.01145283379404471,0.9
<class 'problems.ANNOP.ANNOP'>,4675432808,algorithms.simulated_annealing,49,0.10291060291060292,0.0912863070539419,50,swap_mutation,0.01030755041464024,0.9
<class 'problems.ANNOP.ANNOP'>,4675423688,algorithms.simulated_annealing,49,0.09667359667359668,0.08713692946058091,50,swap_mutation,0.01030755041464024,0.9
<class 'problems.ANNOP.ANNOP'>,4675424120,algorithms.simulated_annealing,49,0.09251559251559252,0.07468879668049792,50,swap_mutation,0.01030755041464024,0.9
<class 'problems.ANNOP.ANNOP'>,4675366776,algorithms.simulated_annealing,49,0.11434511434511435,0.08713692946058091,50,swap_mutation,0.01030755041464024,0.9
<class 'problems.ANNOP.ANNOP'>,4675423256,algorithms.simulated_annealing,49,0.0997920997920998,0.13278008298755187,50,swap_mutation,0.01030755041464024,0.9
<class 'problems.ANNOP.ANNOP'>,4675432808,algorithms.simulated_annealing,50,0.10291060291060292,0.0912863070539419,50,swap_mutation,0.009276795373176215,0.9
<class 'problems.ANNOP.ANNOP'>,4675423688,algorithms.simulated_annealing,50,0.09667359667359668,0.08713692946058091,50,swap_mutation,0.009276795373176215,0.9
<class 'problems.ANNOP.ANNOP'>,4675424120,algorithms.simulated_annealing,50,0.10187110187110188,0.12448132780082988,50,swap_mutation,0.009276795373176215,0.9
<class 'problems.ANNOP.ANNOP'>,4675366776,algorithms.simulated_annealing,50,0.10602910602910603,0.11203319502074689,50,swap_mutation,0.009276795373176215,0.9
<class 'problems.ANNOP.ANNOP'>,4675423256,algorithms.simulated_annealing,50,0.0997920997920998,0.13278008298755187,50,swap_mutation,0.009276795373176215,0.9
<class 'problems.ANNOP.ANNOP'>,4675432808,algorithms.simulated_annealing,51,0.10291060291060292,0.0912863070539419,50,swap_mutation,0.008349115835858593,0.9
<class 'problems.ANNOP.ANNOP'>,4675423688,algorithms.simulated_annealing,51,0.10395010395010396,0.12863070539419086,50,swap_mutation,0.008349115835858593,0.9
<class 'problems.ANNOP.ANNOP'>,4675424120,algorithms.simulated_annealing,51,0.10187110187110188,0.12448132780082988,50,swap_mutation,0.008349115835858593,0.9
<class 'problems.ANNOP.ANNOP'>,4675423256,algorithms.simulated_annealing,51,0.10083160083160084,0.07053941908713693,50,swap_mutation,0.008349115835858593,0.9
<class 'problems.ANNOP.ANNOP'>,4675366776,algorithms.simulated_annealing,51,0.11434511434511435,0.08713692946058091,50,swap_mutation,0.008349115835858593,0.9
<class 'problems.ANNOP.ANNOP'>,4675432808,algorithms.simulated_annealing,52,0.10291060291060292,0.0912863070539419,50,swap_mutation,0.007514204252272734,0.9
<class 'problems.ANNOP.ANNOP'>,4675423688,algorithms.simulated_annealing,52,0.08835758835758836,0.0912863070539419,50,swap_mutation,0.007514204252272734,0.9
<class 'problems.ANNOP.ANNOP'>,4675424120,algorithms.simulated_annealing,52,0.104989604989605,0.11618257261410789,50,swap_mutation,0.007514204252272734,0.9
<class 'problems.ANNOP.ANNOP'>,4675423256,algorithms.simulated_annealing,52,0.11330561330561331,0.0912863070539419,50,swap_mutation,0.007514204252272734,0.9
<class 'problems.ANNOP.ANNOP'>,4675366776,algorithms.simulated_annealing,52,0.10395010395010396,0.11618257261410789,50,swap_mutation,0.007514204252272734,0.9
<class 'problems.ANNOP.ANNOP'>,4675432808,algorithms.simulated_annealing,53,0.10291060291060292,0.0912863070539419,50,swap_mutation,0.00676278382704546,0.9
<class 'problems.ANNOP.ANNOP'>,4675423688,algorithms.simulated_annealing,53,0.10291060291060292,0.12448132780082988,50,swap_mutation,0.00676278382704546,0.9
<class 'problems.ANNOP.ANNOP'>,4675424120,algorithms.simulated_annealing,53,0.104989604989605,0.11618257261410789,50,swap_mutation,0.00676278382704546,0.9
<class 'problems.ANNOP.ANNOP'>,4675423256,algorithms.simulated_annealing,53,0.11330561330561331,0.0912863070539419,50,swap_mutation,0.00676278382704546,0.9
<class 'problems.ANNOP.ANNOP'>,4675366776,algorithms.simulated_annealing,53,0.10395010395010396,0.11618257261410789,50,swap_mutation,0.00676278382704546,0.9
<class 'problems.ANNOP.ANNOP'>,4675432808,algorithms.simulated_annealing,54,0.104989604989605,0.12448132780082988,50,swap_mutation,0.006086505444340915,0.9
<class 'problems.ANNOP.ANNOP'>,4675423688,algorithms.simulated_annealing,54,0.10291060291060292,0.12448132780082988,50,swap_mutation,0.006086505444340915,0.9
<class 'problems.ANNOP.ANNOP'>,4675424120,algorithms.simulated_annealing,54,0.10187110187110188,0.12448132780082988,50,swap_mutation,0.006086505444340915,0.9
<class 'problems.ANNOP.ANNOP'>,4675423256,algorithms.simulated_annealing,54,0.11330561330561331,0.0912863070539419,50,swap_mutation,0.006086505444340915,0.9
<class 'problems.ANNOP.ANNOP'>,4675366776,algorithms.simulated_annealing,54,0.11434511434511435,0.08713692946058091,50,swap_mutation,0.006086505444340915,0.9
<class 'problems.ANNOP.ANNOP'>,4675432808,algorithms.simulated_annealing,55,0.104989604989605,0.12448132780082988,50,swap_mutation,0.005477854899906823,0.9
<class 'problems.ANNOP.ANNOP'>,4675423688,algorithms.simulated_annealing,55,0.10291060291060292,0.12448132780082988,50,swap_mutation,0.005477854899906823,0.9
<class 'problems.ANNOP.ANNOP'>,4675424120,algorithms.simulated_annealing,55,0.10187110187110188,0.12448132780082988,50,swap_mutation,0.005477854899906823,0.9
<class 'problems.ANNOP.ANNOP'>,4675423256,algorithms.simulated_annealing,55,0.11330561330561331,0.0912863070539419,50,swap_mutation,0.005477854899906823,0.9
<class 'problems.ANNOP.ANNOP'>,4675366776,algorithms.simulated_annealing,55,0.11434511434511435,0.08713692946058091,50,swap_mutation,0.005477854899906823,0.9
<class 'problems.ANNOP.ANNOP'>,4675432808,algorithms.simulated_annealing,56,0.10706860706860707,0.1078838174273859,50,swap_mutation,0.004930069409916141,0.9
<class 'problems.ANNOP.ANNOP'>,4675423688,algorithms.simulated_annealing,56,0.10291060291060292,0.12448132780082988,50,swap_mutation,0.004930069409916141,0.9
<class 'problems.ANNOP.ANNOP'>,4675424120,algorithms.simulated_annealing,56,0.10187110187110188,0.12448132780082988,50,swap_mutation,0.004930069409916141,0.9
<class 'problems.ANNOP.ANNOP'>,4675423256,algorithms.simulated_annealing,56,0.11330561330561331,0.0912863070539419,50,swap_mutation,0.004930069409916141,0.9
<class 'problems.ANNOP.ANNOP'>,4675366776,algorithms.simulated_annealing,56,0.11434511434511435,0.08713692946058091,50,swap_mutation,0.004930069409916141,0.9
<class 'problems.ANNOP.ANNOP'>,4675423688,algorithms.simulated_annealing,57,0.10291060291060292,0.12448132780082988,50,swap_mutation,0.004437062468924527,0.9
<class 'problems.ANNOP.ANNOP'>,4675432808,algorithms.simulated_annealing,57,0.10291060291060292,0.0912863070539419,50,swap_mutation,0.004437062468924527,0.9
<class 'problems.ANNOP.ANNOP'>,4675424120,algorithms.simulated_annealing,57,0.09667359667359668,0.08713692946058091,50,swap_mutation,0.004437062468924527,0.9
<class 'problems.ANNOP.ANNOP'>,4675423256,algorithms.simulated_annealing,57,0.11330561330561331,0.0912863070539419,50,swap_mutation,0.004437062468924527,0.9
<class 'problems.ANNOP.ANNOP'>,4675366776,algorithms.simulated_annealing,57,0.11434511434511435,0.08713692946058091,50,swap_mutation,0.004437062468924527,0.9
<class 'problems.ANNOP.ANNOP'>,4675423688,algorithms.simulated_annealing,58,0.10291060291060292,0.12448132780082988,50,swap_mutation,0.003993356222032074,0.9
<class 'problems.ANNOP.ANNOP'>,4675432808,algorithms.simulated_annealing,58,0.10291060291060292,0.0912863070539419,50,swap_mutation,0.003993356222032074,0.9
<class 'problems.ANNOP.ANNOP'>,4675424120,algorithms.simulated_annealing,58,0.09667359667359668,0.08713692946058091,50,swap_mutation,0.003993356222032074,0.9
<class 'problems.ANNOP.ANNOP'>,4675423256,algorithms.simulated_annealing,58,0.10810810810810811,0.07883817427385892,50,swap_mutation,0.003993356222032074,0.9
<class 'problems.ANNOP.ANNOP'>,4675366776,algorithms.simulated_annealing,58,0.11434511434511435,0.08713692946058091,50,swap_mutation,0.003993356222032074,0.9
<class 'problems.ANNOP.ANNOP'>,4675432808,algorithms.simulated_annealing,59,0.09667359667359668,0.0912863070539419,50,swap_mutation,0.003594020599828867,0.9
<class 'problems.ANNOP.ANNOP'>,4675423688,algorithms.simulated_annealing,59,0.10291060291060292,0.12448132780082988,50,swap_mutation,0.003594020599828867,0.9
<class 'problems.ANNOP.ANNOP'>,4675424120,algorithms.simulated_annealing,59,0.09667359667359668,0.08713692946058091,50,swap_mutation,0.003594020599828867,0.9
<class 'problems.ANNOP.ANNOP'>,4675423256,algorithms.simulated_annealing,59,0.10810810810810811,0.07883817427385892,50,swap_mutation,0.003594020599828867,0.9
<class 'problems.ANNOP.ANNOP'>,4675366776,algorithms.simulated_annealing,59,0.11434511434511435,0.08713692946058091,50,swap_mutation,0.003594020599828867,0.9
<class 'problems.ANNOP.ANNOP'>,4675432808,algorithms.simulated_annealing,60,0.0997920997920998,0.11203319502074689,50,swap_mutation,0.0032346185398459803,0.9
<class 'problems.ANNOP.ANNOP'>,4675423688,algorithms.simulated_annealing,60,0.11122661122661123,0.08713692946058091,50,swap_mutation,0.0032346185398459803,0.9
<class 'problems.ANNOP.ANNOP'>,4675424120,algorithms.simulated_annealing,60,0.09667359667359668,0.08713692946058091,50,swap_mutation,0.0032346185398459803,0.9
<class 'problems.ANNOP.ANNOP'>,4675423256,algorithms.simulated_annealing,60,0.10810810810810811,0.07883817427385892,50,swap_mutation,0.0032346185398459803,0.9
<class 'problems.ANNOP.ANNOP'>,4675366776,algorithms.simulated_annealing,60,0.11434511434511435,0.08713692946058091,50,swap_mutation,0.0032346185398459803,0.9
<class 'problems.ANNOP.ANNOP'>,4675432808,algorithms.simulated_annealing,61,0.11330561330561331,0.07883817427385892,50,swap_mutation,0.0029111566858613823,0.9
<class 'problems.ANNOP.ANNOP'>,4675423688,algorithms.simulated_annealing,61,0.11122661122661123,0.08713692946058091,50,swap_mutation,0.0029111566858613823,0.9
<class 'problems.ANNOP.ANNOP'>,4675424120,algorithms.simulated_annealing,61,0.104989604989605,0.0912863070539419,50,swap_mutation,0.0029111566858613823,0.9
<class 'problems.ANNOP.ANNOP'>,4675423256,algorithms.simulated_annealing,61,0.11122661122661123,0.0912863070539419,50,swap_mutation,0.0029111566858613823,0.9
<class 'problems.ANNOP.ANNOP'>,4675366776,algorithms.simulated_annealing,61,0.11434511434511435,0.08713692946058091,50,swap_mutation,0.0029111566858613823,0.9
<class 'problems.ANNOP.ANNOP'>,4675432808,algorithms.simulated_annealing,62,0.11330561330561331,0.07883817427385892,50,swap_mutation,0.002620041017275244,0.9
<class 'problems.ANNOP.ANNOP'>,4675423688,algorithms.simulated_annealing,62,0.11122661122661123,0.08713692946058091,50,swap_mutation,0.002620041017275244,0.9
<class 'problems.ANNOP.ANNOP'>,4675424120,algorithms.simulated_annealing,62,0.104989604989605,0.0912863070539419,50,swap_mutation,0.002620041017275244,0.9
<class 'problems.ANNOP.ANNOP'>,4675423256,algorithms.simulated_annealing,62,0.11122661122661123,0.0912863070539419,50,swap_mutation,0.002620041017275244,0.9
<class 'problems.ANNOP.ANNOP'>,4675366776,algorithms.simulated_annealing,62,0.11434511434511435,0.08713692946058091,50,swap_mutation,0.002620041017275244,0.9
<class 'problems.ANNOP.ANNOP'>,4675432808,algorithms.simulated_annealing,63,0.11330561330561331,0.07883817427385892,50,swap_mutation,0.0023580369155477197,0.9
<class 'problems.ANNOP.ANNOP'>,4675423688,algorithms.simulated_annealing,63,0.11122661122661123,0.08713692946058091,50,swap_mutation,0.0023580369155477197,0.9
<class 'problems.ANNOP.ANNOP'>,4675424120,algorithms.simulated_annealing,63,0.10602910602910603,0.07883817427385892,50,swap_mutation,0.0023580369155477197,0.9
<class 'problems.ANNOP.ANNOP'>,4675423256,algorithms.simulated_annealing,63,0.11122661122661123,0.0912863070539419,50,swap_mutation,0.0023580369155477197,0.9
<class 'problems.ANNOP.ANNOP'>,4675366776,algorithms.simulated_annealing,63,0.11434511434511435,0.08713692946058091,50,swap_mutation,0.0023580369155477197,0.9
<class 'problems.ANNOP.ANNOP'>,4675423688,algorithms.simulated_annealing,64,0.11122661122661123,0.08713692946058091,50,swap_mutation,0.0021222332239929477,0.9
<class 'problems.ANNOP.ANNOP'>,4675432808,algorithms.simulated_annealing,64,0.11330561330561331,0.07883817427385892,50,swap_mutation,0.0021222332239929477,0.9
<class 'problems.ANNOP.ANNOP'>,4675424120,algorithms.simulated_annealing,64,0.10602910602910603,0.07883817427385892,50,swap_mutation,0.0021222332239929477,0.9
<class 'problems.ANNOP.ANNOP'>,4675423256,algorithms.simulated_annealing,64,0.11330561330561331,0.0912863070539419,50,swap_mutation,0.0021222332239929477,0.9
<class 'problems.ANNOP.ANNOP'>,4675366776,algorithms.simulated_annealing,64,0.11434511434511435,0.08713692946058091,50,swap_mutation,0.0021222332239929477,0.9
<class 'problems.ANNOP.ANNOP'>,4675423688,algorithms.simulated_annealing,65,0.11122661122661123,0.08713692946058091,50,swap_mutation,0.001910009901593653,0.9
<class 'problems.ANNOP.ANNOP'>,4675432808,algorithms.simulated_annealing,65,0.11330561330561331,0.07883817427385892,50,swap_mutation,0.001910009901593653,0.9
<class 'problems.ANNOP.ANNOP'>,4675424120,algorithms.simulated_annealing,65,0.104989604989605,0.0912863070539419,50,swap_mutation,0.001910009901593653,0.9
<class 'problems.ANNOP.ANNOP'>,4675423256,algorithms.simulated_annealing,65,0.11330561330561331,0.0912863070539419,50,swap_mutation,0.001910009901593653,0.9
<class 'problems.ANNOP.ANNOP'>,4675366776,algorithms.simulated_annealing,65,0.11434511434511435,0.08713692946058091,50,swap_mutation,0.001910009901593653,0.9
<class 'problems.ANNOP.ANNOP'>,4675423688,algorithms.simulated_annealing,66,0.11122661122661123,0.08713692946058091,50,swap_mutation,0.0017190089114342878,0.9
<class 'problems.ANNOP.ANNOP'>,4675432808,algorithms.simulated_annealing,66,0.11330561330561331,0.07883817427385892,50,swap_mutation,0.0017190089114342878,0.9
<class 'problems.ANNOP.ANNOP'>,4675424120,algorithms.simulated_annealing,66,0.104989604989605,0.0912863070539419,50,swap_mutation,0.0017190089114342878,0.9
<class 'problems.ANNOP.ANNOP'>,4675423256,algorithms.simulated_annealing,66,0.11330561330561331,0.0912863070539419,50,swap_mutation,0.0017190089114342878,0.9
<class 'problems.ANNOP.ANNOP'>,4675366776,algorithms.simulated_annealing,66,0.11434511434511435,0.08713692946058091,50,swap_mutation,0.0017190089114342878,0.9
<class 'problems.ANNOP.ANNOP'>,4675423688,algorithms.simulated_annealing,67,0.11122661122661123,0.08713692946058091,50,swap_mutation,0.001547108020290859,0.9
<class 'problems.ANNOP.ANNOP'>,4675432808,algorithms.simulated_annealing,67,0.11330561330561331,0.07883817427385892,50,swap_mutation,0.001547108020290859,0.9
<class 'problems.ANNOP.ANNOP'>,4675424120,algorithms.simulated_annealing,67,0.10602910602910603,0.07883817427385892,50,swap_mutation,0.001547108020290859,0.9
<class 'problems.ANNOP.ANNOP'>,4675423256,algorithms.simulated_annealing,67,0.11330561330561331,0.0912863070539419,50,swap_mutation,0.001547108020290859,0.9
<class 'problems.ANNOP.ANNOP'>,4675366776,algorithms.simulated_annealing,67,0.11434511434511435,0.08713692946058091,50,swap_mutation,0.001547108020290859,0.9
<class 'problems.ANNOP.ANNOP'>,4675423688,algorithms.simulated_annealing,68,0.11122661122661123,0.08713692946058091,50,swap_mutation,0.001392397218261773,0.9
<class 'problems.ANNOP.ANNOP'>,4675432808,algorithms.simulated_annealing,68,0.11330561330561331,0.07883817427385892,50,swap_mutation,0.001392397218261773,0.9
<class 'problems.ANNOP.ANNOP'>,4675424120,algorithms.simulated_annealing,68,0.104989604989605,0.0912863070539419,50,swap_mutation,0.001392397218261773,0.9
<class 'problems.ANNOP.ANNOP'>,4675423256,algorithms.simulated_annealing,68,0.11330561330561331,0.0912863070539419,50,swap_mutation,0.001392397218261773,0.9
<class 'problems.ANNOP.ANNOP'>,4675366776,algorithms.simulated_annealing,68,0.11434511434511435,0.08713692946058091,50,swap_mutation,0.001392397218261773,0.9
<class 'problems.ANNOP.ANNOP'>,4675423688,algorithms.simulated_annealing,69,0.11122661122661123,0.08713692946058091,50,swap_mutation,0.0012531574964355957,0.9
<class 'problems.ANNOP.ANNOP'>,4675432808,algorithms.simulated_annealing,69,0.11330561330561331,0.07883817427385892,50,swap_mutation,0.0012531574964355957,0.9
<class 'problems.ANNOP.ANNOP'>,4675424120,algorithms.simulated_annealing,69,0.11330561330561331,0.0912863070539419,50,swap_mutation,0.0012531574964355957,0.9
<class 'problems.ANNOP.ANNOP'>,4675423256,algorithms.simulated_annealing,69,0.11330561330561331,0.0912863070539419,50,swap_mutation,0.0012531574964355957,0.9
<class 'problems.ANNOP.ANNOP'>,4675366776,algorithms.simulated_annealing,69,0.11434511434511435,0.08713692946058091,50,swap_mutation,0.0012531574964355957,0.9
<class 'problems.ANNOP.ANNOP'>,4675423688,algorithms.simulated_annealing,70,0.11122661122661123,0.08713692946058091,50,swap_mutation,0.0011278417467920363,0.9
<class 'problems.ANNOP.ANNOP'>,4675432808,algorithms.simulated_annealing,70,0.11330561330561331,0.07883817427385892,50,swap_mutation,0.0011278417467920363,0.9
<class 'problems.ANNOP.ANNOP'>,4675424120,algorithms.simulated_annealing,70,0.11330561330561331,0.0912863070539419,50,swap_mutation,0.0011278417467920363,0.9
<class 'problems.ANNOP.ANNOP'>,4675423256,algorithms.simulated_annealing,70,0.11330561330561331,0.0912863070539419,50,swap_mutation,0.0011278417467920363,0.9
<class 'problems.ANNOP.ANNOP'>,4675366776,algorithms.simulated_annealing,70,0.11434511434511435,0.08713692946058091,50,swap_mutation,0.0011278417467920363,0.9
<class 'problems.ANNOP.ANNOP'>,4675423688,algorithms.simulated_annealing,71,0.11122661122661123,0.08713692946058091,50,swap_mutation,0.0010150575721128328,0.9
<class 'problems.ANNOP.ANNOP'>,4675432808,algorithms.simulated_annealing,71,0.11330561330561331,0.07883817427385892,50,swap_mutation,0.0010150575721128328,0.9
<class 'problems.ANNOP.ANNOP'>,4675424120,algorithms.simulated_annealing,71,0.11330561330561331,0.0912863070539419,50,swap_mutation,0.0010150575721128328,0.9
<class 'problems.ANNOP.ANNOP'>,4675423256,algorithms.simulated_annealing,71,0.11330561330561331,0.0912863070539419,50,swap_mutation,0.0010150575721128328,0.9
<class 'problems.ANNOP.ANNOP'>,4675366776,algorithms.simulated_annealing,71,0.11434511434511435,0.08713692946058091,50,swap_mutation,0.0010150575721128328,0.9
<class 'problems.ANNOP.ANNOP'>,4675423688,algorithms.simulated_annealing,72,0.11122661122661123,0.08713692946058091,50,swap_mutation,0.0009135518149015495,0.9
<class 'problems.ANNOP.ANNOP'>,4675432808,algorithms.simulated_annealing,72,0.11330561330561331,0.07883817427385892,50,swap_mutation,0.0009135518149015495,0.9
<class 'problems.ANNOP.ANNOP'>,4675424120,algorithms.simulated_annealing,72,0.11330561330561331,0.0912863070539419,50,swap_mutation,0.0009135518149015495,0.9
<class 'problems.ANNOP.ANNOP'>,4675423256,algorithms.simulated_annealing,72,0.11330561330561331,0.0912863070539419,50,swap_mutation,0.0009135518149015495,0.9
<class 'problems.ANNOP.ANNOP'>,4675366776,algorithms.simulated_annealing,72,0.11434511434511435,0.08713692946058091,50,swap_mutation,0.0009135518149015495,0.9
<class 'problems.ANNOP.ANNOP'>,4675423688,algorithms.simulated_annealing,73,0.11122661122661123,0.08713692946058091,50,swap_mutation,0.0008221966334113946,0.9
<class 'problems.ANNOP.ANNOP'>,4675432808,algorithms.simulated_annealing,73,0.11330561330561331,0.07883817427385892,50,swap_mutation,0.0008221966334113946,0.9
<class 'problems.ANNOP.ANNOP'>,4675424120,algorithms.simulated_annealing,73,0.11330561330561331,0.0912863070539419,50,swap_mutation,0.0008221966334113946,0.9
<class 'problems.ANNOP.ANNOP'>,4675423256,algorithms.simulated_annealing,73,0.11330561330561331,0.0912863070539419,50,swap_mutation,0.0008221966334113946,0.9
<class 'problems.ANNOP.ANNOP'>,4675366776,algorithms.simulated_annealing,73,0.11434511434511435,0.08713692946058091,50,swap_mutation,0.0008221966334113946,0.9
<class 'problems.ANNOP.ANNOP'>,4675432808,algorithms.simulated_annealing,74,0.11330561330561331,0.07883817427385892,50,swap_mutation,0.0007399769700702552,0.9
<class 'problems.ANNOP.ANNOP'>,4675423688,algorithms.simulated_annealing,74,0.11122661122661123,0.08713692946058091,50,swap_mutation,0.0007399769700702552,0.9
<class 'problems.ANNOP.ANNOP'>,4675424120,algorithms.simulated_annealing,74,0.11330561330561331,0.0912863070539419,50,swap_mutation,0.0007399769700702552,0.9
<class 'problems.ANNOP.ANNOP'>,4675423256,algorithms.simulated_annealing,74,0.11330561330561331,0.0912863070539419,50,swap_mutation,0.0007399769700702552,0.9
<class 'problems.ANNOP.ANNOP'>,4675366776,algorithms.simulated_annealing,74,0.11434511434511435,0.08713692946058091,50,swap_mutation,0.0007399769700702552,0.9
<class 'problems.ANNOP.ANNOP'>,4675432808,algorithms.simulated_annealing,75,0.11330561330561331,0.07883817427385892,50,swap_mutation,0.0006659792730632297,0.9
<class 'problems.ANNOP.ANNOP'>,4675423688,algorithms.simulated_annealing,75,0.11122661122661123,0.08713692946058091,50,swap_mutation,0.0006659792730632297,0.9
<class 'problems.ANNOP.ANNOP'>,4675424120,algorithms.simulated_annealing,75,0.11330561330561331,0.0912863070539419,50,swap_mutation,0.0006659792730632297,0.9
<class 'problems.ANNOP.ANNOP'>,4675423256,algorithms.simulated_annealing,75,0.11122661122661123,0.0912863070539419,50,swap_mutation,0.0006659792730632297,0.9
<class 'problems.ANNOP.ANNOP'>,4675366776,algorithms.simulated_annealing,75,0.11434511434511435,0.08713692946058091,50,swap_mutation,0.0006659792730632297,0.9
<class 'problems.ANNOP.ANNOP'>,4675432808,algorithms.simulated_annealing,76,0.11330561330561331,0.07883817427385892,50,swap_mutation,0.0005993813457569068,0.9
<class 'problems.ANNOP.ANNOP'>,4675423688,algorithms.simulated_annealing,76,0.11122661122661123,0.08713692946058091,50,swap_mutation,0.0005993813457569068,0.9
<class 'problems.ANNOP.ANNOP'>,4675424120,algorithms.simulated_annealing,76,0.11330561330561331,0.0912863070539419,50,swap_mutation,0.0005993813457569068,0.9
<class 'problems.ANNOP.ANNOP'>,4675423256,algorithms.simulated_annealing,76,0.11330561330561331,0.0912863070539419,50,swap_mutation,0.0005993813457569068,0.9
<class 'problems.ANNOP.ANNOP'>,4675366776,algorithms.simulated_annealing,76,0.11434511434511435,0.08713692946058091,50,swap_mutation,0.0005993813457569068,0.9
<class 'problems.ANNOP.ANNOP'>,4675432808,algorithms.simulated_annealing,77,0.11330561330561331,0.07883817427385892,50,swap_mutation,0.0005394432111812161,0.9
<class 'problems.ANNOP.ANNOP'>,4675423688,algorithms.simulated_annealing,77,0.11122661122661123,0.08713692946058091,50,swap_mutation,0.0005394432111812161,0.9
<class 'problems.ANNOP.ANNOP'>,4675424120,algorithms.simulated_annealing,77,0.11330561330561331,0.0912863070539419,50,swap_mutation,0.0005394432111812161,0.9
<class 'problems.ANNOP.ANNOP'>,4675423256,algorithms.simulated_annealing,77,0.11330561330561331,0.0912863070539419,50,swap_mutation,0.0005394432111812161,0.9
<class 'problems.ANNOP.ANNOP'>,4675366776,algorithms.simulated_annealing,77,0.11434511434511435,0.08713692946058091,50,swap_mutation,0.0005394432111812161,0.9
<class 'problems.ANNOP.ANNOP'>,4675423688,algorithms.simulated_annealing,78,0.11122661122661123,0.08713692946058091,50,swap_mutation,0.00048549889006309447,0.9
<class 'problems.ANNOP.ANNOP'>,4675432808,algorithms.simulated_annealing,78,0.11330561330561331,0.07883817427385892,50,swap_mutation,0.00048549889006309447,0.9
<class 'problems.ANNOP.ANNOP'>,4675424120,algorithms.simulated_annealing,78,0.11330561330561331,0.0912863070539419,50,swap_mutation,0.00048549889006309447,0.9
<class 'problems.ANNOP.ANNOP'>,4675423256,algorithms.simulated_annealing,78,0.11330561330561331,0.0912863070539419,50,swap_mutation,0.00048549889006309447,0.9
<class 'problems.ANNOP.ANNOP'>,4675366776,algorithms.simulated_annealing,78,0.11434511434511435,0.08713692946058091,50,swap_mutation,0.00048549889006309447,0.9
<class 'problems.ANNOP.ANNOP'>,4675432808,algorithms.simulated_annealing,79,0.11330561330561331,0.07883817427385892,50,swap_mutation,0.00043694900105678504,0.9
<class 'problems.ANNOP.ANNOP'>,4675423688,algorithms.simulated_annealing,79,0.11122661122661123,0.08713692946058091,50,swap_mutation,0.00043694900105678504,0.9
<class 'problems.ANNOP.ANNOP'>,4675424120,algorithms.simulated_annealing,79,0.11330561330561331,0.0912863070539419,50,swap_mutation,0.00043694900105678504,0.9
<class 'problems.ANNOP.ANNOP'>,4675423256,algorithms.simulated_annealing,79,0.11330561330561331,0.0912863070539419,50,swap_mutation,0.00043694900105678504,0.9
<class 'problems.ANNOP.ANNOP'>,4675366776,algorithms.simulated_annealing,79,0.11434511434511435,0.08713692946058091,50,swap_mutation,0.00043694900105678504,0.9
<class 'problems.ANNOP.ANNOP'>,4675432808,algorithms.simulated_annealing,80,0.11330561330561331,0.07883817427385892,50,swap_mutation,0.0003932541009511065,0.9
<class 'problems.ANNOP.ANNOP'>,4675423688,algorithms.simulated_annealing,80,0.11122661122661123,0.08713692946058091,50,swap_mutation,0.0003932541009511065,0.9
<class 'problems.ANNOP.ANNOP'>,4675424120,algorithms.simulated_annealing,80,0.11330561330561331,0.0912863070539419,50,swap_mutation,0.0003932541009511065,0.9
<class 'problems.ANNOP.ANNOP'>,4675423256,algorithms.simulated_annealing,80,0.11330561330561331,0.0912863070539419,50,swap_mutation,0.0003932541009511065,0.9
<class 'problems.ANNOP.ANNOP'>,4675366776,algorithms.simulated_annealing,80,0.11434511434511435,0.08713692946058091,50,swap_mutation,0.0003932541009511065,0.9
<class 'problems.ANNOP.ANNOP'>,4675432808,algorithms.simulated_annealing,81,0.11330561330561331,0.07883817427385892,50,swap_mutation,0.0003539286908559959,0.9
<class 'problems.ANNOP.ANNOP'>,4675423688,algorithms.simulated_annealing,81,0.11122661122661123,0.08713692946058091,50,swap_mutation,0.0003539286908559959,0.9
<class 'problems.ANNOP.ANNOP'>,4675424120,algorithms.simulated_annealing,81,0.11330561330561331,0.0912863070539419,50,swap_mutation,0.0003539286908559959,0.9
<class 'problems.ANNOP.ANNOP'>,4675423256,algorithms.simulated_annealing,81,0.11330561330561331,0.0912863070539419,50,swap_mutation,0.0003539286908559959,0.9
<class 'problems.ANNOP.ANNOP'>,4675366776,algorithms.simulated_annealing,81,0.11434511434511435,0.08713692946058091,50,swap_mutation,0.0003539286908559959,0.9
<class 'problems.ANNOP.ANNOP'>,4675432808,algorithms.simulated_annealing,82,0.11330561330561331,0.07883817427385892,50,swap_mutation,0.0003185358217703963,0.9
<class 'problems.ANNOP.ANNOP'>,4675423688,algorithms.simulated_annealing,82,0.11122661122661123,0.08713692946058091,50,swap_mutation,0.0003185358217703963,0.9
<class 'problems.ANNOP.ANNOP'>,4675424120,algorithms.simulated_annealing,82,0.11330561330561331,0.0912863070539419,50,swap_mutation,0.0003185358217703963,0.9
<class 'problems.ANNOP.ANNOP'>,4675423256,algorithms.simulated_annealing,82,0.11330561330561331,0.0912863070539419,50,swap_mutation,0.0003185358217703963,0.9
<class 'problems.ANNOP.ANNOP'>,4675366776,algorithms.simulated_annealing,82,0.11434511434511435,0.08713692946058091,50,swap_mutation,0.0003185358217703963,0.9
<class 'problems.ANNOP.ANNOP'>,4675432808,algorithms.simulated_annealing,83,0.11330561330561331,0.07883817427385892,50,swap_mutation,0.0002866822395933567,0.9
<class 'problems.ANNOP.ANNOP'>,4675423688,algorithms.simulated_annealing,83,0.11122661122661123,0.08713692946058091,50,swap_mutation,0.0002866822395933567,0.9
<class 'problems.ANNOP.ANNOP'>,4675424120,algorithms.simulated_annealing,83,0.11330561330561331,0.0912863070539419,50,swap_mutation,0.0002866822395933567,0.9
<class 'problems.ANNOP.ANNOP'>,4675423256,algorithms.simulated_annealing,83,0.11330561330561331,0.0912863070539419,50,swap_mutation,0.0002866822395933567,0.9
<class 'problems.ANNOP.ANNOP'>,4675366776,algorithms.simulated_annealing,83,0.11434511434511435,0.08713692946058091,50,swap_mutation,0.0002866822395933567,0.9
<class 'problems.ANNOP.ANNOP'>,4675432808,algorithms.simulated_annealing,84,0.11330561330561331,0.07883817427385892,50,swap_mutation,0.00025801401563402103,0.9
<class 'problems.ANNOP.ANNOP'>,4675423688,algorithms.simulated_annealing,84,0.11122661122661123,0.08713692946058091,50,swap_mutation,0.00025801401563402103,0.9
<class 'problems.ANNOP.ANNOP'>,4675424120,algorithms.simulated_annealing,84,0.11330561330561331,0.0912863070539419,50,swap_mutation,0.00025801401563402103,0.9
<class 'problems.ANNOP.ANNOP'>,4675423256,algorithms.simulated_annealing,84,0.11330561330561331,0.0912863070539419,50,swap_mutation,0.00025801401563402103,0.9
<class 'problems.ANNOP.ANNOP'>,4675366776,algorithms.simulated_annealing,84,0.11434511434511435,0.08713692946058091,50,swap_mutation,0.00025801401563402103,0.9
<class 'problems.ANNOP.ANNOP'>,4675432808,algorithms.simulated_annealing,85,0.11330561330561331,0.07883817427385892,50,swap_mutation,0.00023221261407061893,0.9
<class 'problems.ANNOP.ANNOP'>,4675423688,algorithms.simulated_annealing,85,0.11122661122661123,0.08713692946058091,50,swap_mutation,0.00023221261407061893,0.9
<class 'problems.ANNOP.ANNOP'>,4675424120,algorithms.simulated_annealing,85,0.11330561330561331,0.0912863070539419,50,swap_mutation,0.00023221261407061893,0.9
<class 'problems.ANNOP.ANNOP'>,4675423256,algorithms.simulated_annealing,85,0.11330561330561331,0.0912863070539419,50,swap_mutation,0.00023221261407061893,0.9
<class 'problems.ANNOP.ANNOP'>,4675366776,algorithms.simulated_annealing,85,0.11434511434511435,0.08713692946058091,50,swap_mutation,0.00023221261407061893,0.9
<class 'problems.ANNOP.ANNOP'>,4675432808,algorithms.simulated_annealing,86,0.11330561330561331,0.07883817427385892,50,swap_mutation,0.00020899135266355705,0.9
<class 'problems.ANNOP.ANNOP'>,4675423688,algorithms.simulated_annealing,86,0.11122661122661123,0.08713692946058091,50,swap_mutation,0.00020899135266355705,0.9
<class 'problems.ANNOP.ANNOP'>,4675424120,algorithms.simulated_annealing,86,0.11330561330561331,0.0912863070539419,50,swap_mutation,0.00020899135266355705,0.9
<class 'problems.ANNOP.ANNOP'>,4675423256,algorithms.simulated_annealing,86,0.11330561330561331,0.0912863070539419,50,swap_mutation,0.00020899135266355705,0.9
<class 'problems.ANNOP.ANNOP'>,4675366776,algorithms.simulated_annealing,86,0.11434511434511435,0.08713692946058091,50,swap_mutation,0.00020899135266355705,0.9
<class 'problems.ANNOP.ANNOP'>,4675423688,algorithms.simulated_annealing,87,0.11122661122661123,0.08713692946058091,50,swap_mutation,0.00018809221739720134,0.9
<class 'problems.ANNOP.ANNOP'>,4675432808,algorithms.simulated_annealing,87,0.11330561330561331,0.07883817427385892,50,swap_mutation,0.00018809221739720134,0.9
<class 'problems.ANNOP.ANNOP'>,4675424120,algorithms.simulated_annealing,87,0.11330561330561331,0.0912863070539419,50,swap_mutation,0.00018809221739720134,0.9
<class 'problems.ANNOP.ANNOP'>,4675423256,algorithms.simulated_annealing,87,0.11330561330561331,0.0912863070539419,50,swap_mutation,0.00018809221739720134,0.9
<class 'problems.ANNOP.ANNOP'>,4675366776,algorithms.simulated_annealing,87,0.11434511434511435,0.08713692946058091,50,swap_mutation,0.00018809221739720134,0.9
<class 'problems.ANNOP.ANNOP'>,4675432808,algorithms.simulated_annealing,88,0.11330561330561331,0.07883817427385892,50,swap_mutation,0.00016928299565748122,0.9
<class 'problems.ANNOP.ANNOP'>,4675423688,algorithms.simulated_annealing,88,0.11122661122661123,0.08713692946058091,50,swap_mutation,0.00016928299565748122,0.9
<class 'problems.ANNOP.ANNOP'>,4675424120,algorithms.simulated_annealing,88,0.11330561330561331,0.0912863070539419,50,swap_mutation,0.00016928299565748122,0.9
<class 'problems.ANNOP.ANNOP'>,4675423256,algorithms.simulated_annealing,88,0.11330561330561331,0.0912863070539419,50,swap_mutation,0.00016928299565748122,0.9
<class 'problems.ANNOP.ANNOP'>,4675366776,algorithms.simulated_annealing,88,0.11434511434511435,0.08713692946058091,50,swap_mutation,0.00016928299565748122,0.9
<class 'problems.ANNOP.ANNOP'>,4675432808,algorithms.simulated_annealing,89,0.11330561330561331,0.07883817427385892,50,swap_mutation,0.0001523546960917331,0.9
<class 'problems.ANNOP.ANNOP'>,4675423688,algorithms.simulated_annealing,89,0.11122661122661123,0.08713692946058091,50,swap_mutation,0.0001523546960917331,0.9
<class 'problems.ANNOP.ANNOP'>,4675424120,algorithms.simulated_annealing,89,0.11330561330561331,0.0912863070539419,50,swap_mutation,0.0001523546960917331,0.9
<class 'problems.ANNOP.ANNOP'>,4675423256,algorithms.simulated_annealing,89,0.11330561330561331,0.0912863070539419,50,swap_mutation,0.0001523546960917331,0.9
<class 'problems.ANNOP.ANNOP'>,4675366776,algorithms.simulated_annealing,89,0.11434511434511435,0.08713692946058091,50,swap_mutation,0.0001523546960917331,0.9
<class 'problems.ANNOP.ANNOP'>,4675432808,algorithms.simulated_annealing,90,0.11330561330561331,0.07883817427385892,50,swap_mutation,0.0001371192264825598,0.9
<class 'problems.ANNOP.ANNOP'>,4675423688,algorithms.simulated_annealing,90,0.11122661122661123,0.08713692946058091,50,swap_mutation,0.0001371192264825598,0.9
<class 'problems.ANNOP.ANNOP'>,4675424120,algorithms.simulated_annealing,90,0.11330561330561331,0.0912863070539419,50,swap_mutation,0.0001371192264825598,0.9
<class 'problems.ANNOP.ANNOP'>,4675423256,algorithms.simulated_annealing,90,0.11330561330561331,0.0912863070539419,50,swap_mutation,0.0001371192264825598,0.9
<class 'problems.ANNOP.ANNOP'>,4675366776,algorithms.simulated_annealing,90,0.11434511434511435,0.08713692946058091,50,swap_mutation,0.0001371192264825598,0.9
<class 'problems.ANNOP.ANNOP'>,4675432808,algorithms.simulated_annealing,91,0.11330561330561331,0.07883817427385892,50,swap_mutation,0.00012340730383430385,0.9
<class 'problems.ANNOP.ANNOP'>,4675423688,algorithms.simulated_annealing,91,0.11122661122661123,0.08713692946058091,50,swap_mutation,0.00012340730383430385,0.9
<class 'problems.ANNOP.ANNOP'>,4675424120,algorithms.simulated_annealing,91,0.11330561330561331,0.0912863070539419,50,swap_mutation,0.00012340730383430385,0.9
<class 'problems.ANNOP.ANNOP'>,4675423256,algorithms.simulated_annealing,91,0.11330561330561331,0.0912863070539419,50,swap_mutation,0.00012340730383430385,0.9
<class 'problems.ANNOP.ANNOP'>,4675366776,algorithms.simulated_annealing,91,0.11434511434511435,0.08713692946058091,50,swap_mutation,0.00012340730383430385,0.9
<class 'problems.ANNOP.ANNOP'>,4675432808,algorithms.simulated_annealing,92,0.11330561330561331,0.07883817427385892,50,swap_mutation,0.00011106657345087347,0.9
<class 'problems.ANNOP.ANNOP'>,4675423688,algorithms.simulated_annealing,92,0.11122661122661123,0.08713692946058091,50,swap_mutation,0.00011106657345087347,0.9
<class 'problems.ANNOP.ANNOP'>,4675424120,algorithms.simulated_annealing,92,0.11330561330561331,0.0912863070539419,50,swap_mutation,0.00011106657345087347,0.9
<class 'problems.ANNOP.ANNOP'>,4675423256,algorithms.simulated_annealing,92,0.11330561330561331,0.0912863070539419,50,swap_mutation,0.00011106657345087347,0.9
<class 'problems.ANNOP.ANNOP'>,4675366776,algorithms.simulated_annealing,92,0.11434511434511435,0.08713692946058091,50,swap_mutation,0.00011106657345087347,0.9
<class 'problems.ANNOP.ANNOP'>,4675432808,algorithms.simulated_annealing,93,0.11330561330561331,0.07883817427385892,50,swap_mutation,9.995991610578612e-05,0.9
<class 'problems.ANNOP.ANNOP'>,4675423688,algorithms.simulated_annealing,93,0.11122661122661123,0.08713692946058091,50,swap_mutation,9.995991610578612e-05,0.9
<class 'problems.ANNOP.ANNOP'>,4675424120,algorithms.simulated_annealing,93,0.11330561330561331,0.0912863070539419,50,swap_mutation,9.995991610578612e-05,0.9
<class 'problems.ANNOP.ANNOP'>,4675423256,algorithms.simulated_annealing,93,0.11330561330561331,0.0912863070539419,50,swap_mutation,9.995991610578612e-05,0.9
<class 'problems.ANNOP.ANNOP'>,4675366776,algorithms.simulated_annealing,93,0.11434511434511435,0.08713692946058091,50,swap_mutation,9.995991610578612e-05,0.9
<class 'problems.ANNOP.ANNOP'>,4675423688,algorithms.simulated_annealing,94,0.11122661122661123,0.08713692946058091,50,swap_mutation,8.996392449520751e-05,0.9
<class 'problems.ANNOP.ANNOP'>,4675432808,algorithms.simulated_annealing,94,0.11330561330561331,0.07883817427385892,50,swap_mutation,8.996392449520751e-05,0.9
<class 'problems.ANNOP.ANNOP'>,4675424120,algorithms.simulated_annealing,94,0.11330561330561331,0.0912863070539419,50,swap_mutation,8.996392449520751e-05,0.9
<class 'problems.ANNOP.ANNOP'>,4675423256,algorithms.simulated_annealing,94,0.11330561330561331,0.0912863070539419,50,swap_mutation,8.996392449520751e-05,0.9
<class 'problems.ANNOP.ANNOP'>,4675366776,algorithms.simulated_annealing,94,0.11434511434511435,0.08713692946058091,50,swap_mutation,8.996392449520751e-05,0.9
<class 'problems.ANNOP.ANNOP'>,4675432808,algorithms.simulated_annealing,95,0.11330561330561331,0.07883817427385892,50,swap_mutation,8.096753204568676e-05,0.9
<class 'problems.ANNOP.ANNOP'>,4675423688,algorithms.simulated_annealing,95,0.11122661122661123,0.08713692946058091,50,swap_mutation,8.096753204568676e-05,0.9
<class 'problems.ANNOP.ANNOP'>,4675424120,algorithms.simulated_annealing,95,0.11330561330561331,0.0912863070539419,50,swap_mutation,8.096753204568676e-05,0.9
<class 'problems.ANNOP.ANNOP'>,4675423256,algorithms.simulated_annealing,95,0.11330561330561331,0.0912863070539419,50,swap_mutation,8.096753204568676e-05,0.9
<class 'problems.ANNOP.ANNOP'>,4675366776,algorithms.simulated_annealing,95,0.11434511434511435,0.08713692946058091,50,swap_mutation,8.096753204568676e-05,0.9
<class 'problems.ANNOP.ANNOP'>,4675432808,algorithms.simulated_annealing,96,0.11330561330561331,0.07883817427385892,50,swap_mutation,7.287077884111809e-05,0.9
<class 'problems.ANNOP.ANNOP'>,4675423688,algorithms.simulated_annealing,96,0.11122661122661123,0.08713692946058091,50,swap_mutation,7.287077884111809e-05,0.9
<class 'problems.ANNOP.ANNOP'>,4675424120,algorithms.simulated_annealing,96,0.11330561330561331,0.0912863070539419,50,swap_mutation,7.287077884111809e-05,0.9
<class 'problems.ANNOP.ANNOP'>,4675423256,algorithms.simulated_annealing,96,0.11330561330561331,0.0912863070539419,50,swap_mutation,7.287077884111809e-05,0.9
<class 'problems.ANNOP.ANNOP'>,4675366776,algorithms.simulated_annealing,96,0.11434511434511435,0.08713692946058091,50,swap_mutation,7.287077884111809e-05,0.9
<class 'problems.ANNOP.ANNOP'>,4675432808,algorithms.simulated_annealing,97,0.11330561330561331,0.07883817427385892,50,swap_mutation,6.558370095700628e-05,0.9
<class 'problems.ANNOP.ANNOP'>,4675423688,algorithms.simulated_annealing,97,0.11122661122661123,0.08713692946058091,50,swap_mutation,6.558370095700628e-05,0.9
<class 'problems.ANNOP.ANNOP'>,4675424120,algorithms.simulated_annealing,97,0.11330561330561331,0.0912863070539419,50,swap_mutation,6.558370095700628e-05,0.9
<class 'problems.ANNOP.ANNOP'>,4675423256,algorithms.simulated_annealing,97,0.11330561330561331,0.0912863070539419,50,swap_mutation,6.558370095700628e-05,0.9
<class 'problems.ANNOP.ANNOP'>,4675366776,algorithms.simulated_annealing,97,0.11434511434511435,0.08713692946058091,50,swap_mutation,6.558370095700628e-05,0.9
<class 'problems.ANNOP.ANNOP'>,4675432808,algorithms.simulated_annealing,98,0.11330561330561331,0.07883817427385892,50,swap_mutation,5.902533086130565e-05,0.9
<class 'problems.ANNOP.ANNOP'>,4675423688,algorithms.simulated_annealing,98,0.11122661122661123,0.08713692946058091,50,swap_mutation,5.902533086130565e-05,0.9
<class 'problems.ANNOP.ANNOP'>,4675424120,algorithms.simulated_annealing,98,0.11330561330561331,0.0912863070539419,50,swap_mutation,5.902533086130565e-05,0.9
<class 'problems.ANNOP.ANNOP'>,4675423256,algorithms.simulated_annealing,98,0.11330561330561331,0.0912863070539419,50,swap_mutation,5.902533086130565e-05,0.9
<class 'problems.ANNOP.ANNOP'>,4675366776,algorithms.simulated_annealing,98,0.11434511434511435,0.08713692946058091,50,swap_mutation,5.902533086130565e-05,0.9
<class 'problems.ANNOP.ANNOP'>,4675432808,algorithms.simulated_annealing,99,0.11330561330561331,0.07883817427385892,50,swap_mutation,5.312279777517509e-05,0.9
<class 'problems.ANNOP.ANNOP'>,4675423688,algorithms.simulated_annealing,99,0.11122661122661123,0.08713692946058091,50,swap_mutation,5.312279777517509e-05,0.9
<class 'problems.ANNOP.ANNOP'>,4675424120,algorithms.simulated_annealing,99,0.11330561330561331,0.0912863070539419,50,swap_mutation,5.312279777517509e-05,0.9
<class 'problems.ANNOP.ANNOP'>,4675423256,algorithms.simulated_annealing,99,0.11330561330561331,0.0912863070539419,50,swap_mutation,5.312279777517509e-05,0.9
<class 'problems.ANNOP.ANNOP'>,4675366776,algorithms.simulated_annealing,99,0.11434511434511435,0.08713692946058091,50,swap_mutation,5.312279777517509e-05,0.9
