Seed,N_gen,PS,PC,PM,radius,Pressure,Fitness,UnseenAccuracy,Time
Seed,N_gen,PS,PC,PM,radius,Pressure,Fitness,UnseenAccuracy,Time
Seed,N_gen,PS,PC,PM,radius,Pressure,Fitness,UnseenAccuracy,Time
Seed,N_gen,PS,PC,PM,radius,Pressure,Fitness,UnseenAccuracy,Time
Seed,N_gen,PS,PC,PM,radius,Pressure,Fitness,UnseenAccuracy,Time
Seed,N_gen,PS,PC,PM,radius,Pressure,Fitness,UnseenAccuracy,Time
Seed,N_gen,PS,PC,PM,radius,Pressure,Fitness,UnseenAccuracy,Time
Seed,N_gen,PS,PC,PM,radius,Pressure,Fitness,UnseenAccuracy,Time
Seed,N_gen,PS,PC,PM,radius,Pressure,Fitness,UnseenAccuracy,Time
3,200,25,0.7,0.8,0.01,0.2,0.3908523908523909,0.3400673400673401,0:02:31.300060
