<class 'problems.ANNOP.ANNOP'>,2504961131000,algorithms.genetic_algorithm,0,0.1392931392931393,0.17427385892116182,25,tournament_selection,one_point_crossover,0.2,ball_mutation,None,None,0.1,-0.00995954665721835
<class 'problems.ANNOP.ANNOP'>,2504961131000,algorithms.genetic_algorithm,1,0.1392931392931393,0.17427385892116182,25,tournament_selection,one_point_crossover,0.2,ball_mutation,None,None,0.1,-0.007224042852731685
<class 'problems.ANNOP.ANNOP'>,2504961131000,algorithms.genetic_algorithm,2,0.17463617463617465,0.17012448132780084,25,tournament_selection,one_point_crossover,0.2,ball_mutation,None,None,0.1,0.0032729403425673332
<class 'problems.ANNOP.ANNOP'>,2504961131000,algorithms.genetic_algorithm,3,0.17463617463617465,0.17012448132780084,25,tournament_selection,one_point_crossover,0.2,ball_mutation,None,None,0.1,0.006901669914564762
<class 'problems.ANNOP.ANNOP'>,1668197986448,algorithms.genetic_algorithm,0,0.1392931392931393,0.17427385892116182,25,tournament_selection,one_point_crossover,1.0,ball_mutation,None,None,0.1,-0.0064807589636821025
<class 'problems.ANNOP.ANNOP'>,2504961131000,algorithms.genetic_algorithm,4,0.183991683991684,0.1825726141078838,25,tournament_selection,one_point_crossover,0.2,ball_mutation,None,None,0.1,-0.001139821245906272
<class 'problems.ANNOP.ANNOP'>,2059642941656,algorithms.genetic_algorithm,0,0.1735966735966736,0.18672199170124482,25,tournament_selection,one_point_crossover,0.8,ball_mutation,None,None,0.30000000000000004,-0.0019016251686437835
<class 'problems.ANNOP.ANNOP'>,2504961131000,algorithms.genetic_algorithm,5,0.183991683991684,0.1825726141078838,25,tournament_selection,one_point_crossover,0.2,ball_mutation,None,None,0.1,-0.008453665390156793
<class 'problems.ANNOP.ANNOP'>,1252435308688,algorithms.genetic_algorithm,0,0.19854469854469856,0.21161825726141079,25,tournament_selection,one_point_crossover,0.6000000000000001,ball_mutation,None,None,0.30000000000000004,-0.0002725965999837224
<class 'problems.ANNOP.ANNOP'>,2504961131000,algorithms.genetic_algorithm,6,0.183991683991684,0.1825726141078838,25,tournament_selection,one_point_crossover,0.2,ball_mutation,None,None,0.1,0.0012102318929395938
<class 'problems.ANNOP.ANNOP'>,1668197986448,algorithms.genetic_algorithm,1,0.1392931392931393,0.17427385892116182,25,tournament_selection,one_point_crossover,1.0,ball_mutation,None,None,0.1,-0.007349003862823857
<class 'problems.ANNOP.ANNOP'>,1935703879896,algorithms.genetic_algorithm,0,0.18814968814968816,0.17427385892116182,25,tournament_selection,one_point_crossover,0.2,ball_mutation,None,None,0.5,-0.00013190817199152521
<class 'problems.ANNOP.ANNOP'>,2083998806232,algorithms.genetic_algorithm,0,0.1600831600831601,0.17427385892116182,25,tournament_selection,one_point_crossover,0.4,ball_mutation,None,None,0.5,-0.004478577506132151
<class 'problems.ANNOP.ANNOP'>,2504961131000,algorithms.genetic_algorithm,7,0.183991683991684,0.1825726141078838,25,tournament_selection,one_point_crossover,0.2,ball_mutation,None,None,0.1,-0.0022612146386304715
<class 'problems.ANNOP.ANNOP'>,2504961131000,algorithms.genetic_algorithm,8,0.183991683991684,0.1825726141078838,25,tournament_selection,one_point_crossover,0.2,ball_mutation,None,None,0.1,-0.004681033731744697
<class 'problems.ANNOP.ANNOP'>,1252435308688,algorithms.genetic_algorithm,1,0.19854469854469856,0.21161825726141079,25,tournament_selection,one_point_crossover,0.6000000000000001,ball_mutation,None,None,0.30000000000000004,-0.002670423638075719
<class 'problems.ANNOP.ANNOP'>,2059642941656,algorithms.genetic_algorithm,1,0.1735966735966736,0.18672199170124482,25,tournament_selection,one_point_crossover,0.8,ball_mutation,None,None,0.30000000000000004,-0.01081033357939942
<class 'problems.ANNOP.ANNOP'>,1668197986448,algorithms.genetic_algorithm,2,0.18191268191268192,0.17842323651452283,25,tournament_selection,one_point_crossover,1.0,ball_mutation,None,None,0.1,0.0055088031881775894
<class 'problems.ANNOP.ANNOP'>,2504961131000,algorithms.genetic_algorithm,9,0.183991683991684,0.1825726141078838,25,tournament_selection,one_point_crossover,0.2,ball_mutation,None,None,0.1,0.010642866300179332
<class 'problems.ANNOP.ANNOP'>,2504961131000,algorithms.genetic_algorithm,10,0.183991683991684,0.1825726141078838,25,tournament_selection,one_point_crossover,0.2,ball_mutation,None,None,0.1,-0.009181045441031977
<class 'problems.ANNOP.ANNOP'>,1252435308688,algorithms.genetic_algorithm,2,0.19854469854469856,0.21161825726141079,25,tournament_selection,one_point_crossover,0.6000000000000001,ball_mutation,None,None,0.30000000000000004,0.011457734404633341
<class 'problems.ANNOP.ANNOP'>,1668197986448,algorithms.genetic_algorithm,3,0.1891891891891892,0.1908713692946058,25,tournament_selection,one_point_crossover,1.0,ball_mutation,None,None,0.1,0.00785457505547076
<class 'problems.ANNOP.ANNOP'>,2504961131000,algorithms.genetic_algorithm,11,0.183991683991684,0.1825726141078838,25,tournament_selection,one_point_crossover,0.2,ball_mutation,None,None,0.1,0.001414123667387461
<class 'problems.ANNOP.ANNOP'>,2059642941656,algorithms.genetic_algorithm,2,0.18191268191268192,0.17842323651452283,25,tournament_selection,one_point_crossover,0.8,ball_mutation,None,None,0.30000000000000004,-0.005066899194222704
<class 'problems.ANNOP.ANNOP'>,1668197986448,algorithms.genetic_algorithm,4,0.1891891891891892,0.1908713692946058,25,tournament_selection,one_point_crossover,1.0,ball_mutation,None,None,0.1,-0.015595985909111112
<class 'problems.ANNOP.ANNOP'>,2504961131000,algorithms.genetic_algorithm,12,0.18814968814968816,0.1825726141078838,25,tournament_selection,one_point_crossover,0.2,ball_mutation,None,None,0.1,0.014021419052316955
<class 'problems.ANNOP.ANNOP'>,1935703879896,algorithms.genetic_algorithm,1,0.18814968814968816,0.17427385892116182,25,tournament_selection,one_point_crossover,0.2,ball_mutation,None,None,0.5,0.010800560663029504
<class 'problems.ANNOP.ANNOP'>,1252435308688,algorithms.genetic_algorithm,3,0.19854469854469856,0.21161825726141079,25,tournament_selection,one_point_crossover,0.6000000000000001,ball_mutation,None,None,0.30000000000000004,-0.009466945673936307
<class 'problems.ANNOP.ANNOP'>,2083998806232,algorithms.genetic_algorithm,1,0.19022869022869024,0.15767634854771784,25,tournament_selection,one_point_crossover,0.4,ball_mutation,None,None,0.5,0.003995425697180192
<class 'problems.ANNOP.ANNOP'>,2504961131000,algorithms.genetic_algorithm,13,0.19126819126819128,0.1908713692946058,25,tournament_selection,one_point_crossover,0.2,ball_mutation,None,None,0.1,-0.01248399912551777
<class 'problems.ANNOP.ANNOP'>,2059642941656,algorithms.genetic_algorithm,3,0.19126819126819128,0.1908713692946058,25,tournament_selection,one_point_crossover,0.8,ball_mutation,None,None,0.30000000000000004,0.0013898853516151298
<class 'problems.ANNOP.ANNOP'>,1668197986448,algorithms.genetic_algorithm,5,0.23076923076923078,0.2157676348547718,25,tournament_selection,one_point_crossover,1.0,ball_mutation,None,None,0.1,0.02170881556924876
<class 'problems.ANNOP.ANNOP'>,2504961131000,algorithms.genetic_algorithm,14,0.19126819126819128,0.1908713692946058,25,tournament_selection,one_point_crossover,0.2,ball_mutation,None,None,0.1,0.002201130221350972
<class 'problems.ANNOP.ANNOP'>,2504961131000,algorithms.genetic_algorithm,15,0.19126819126819128,0.1908713692946058,25,tournament_selection,one_point_crossover,0.2,ball_mutation,None,None,0.1,-0.005086746394362823
<class 'problems.ANNOP.ANNOP'>,1252435308688,algorithms.genetic_algorithm,4,0.19854469854469856,0.21161825726141079,25,tournament_selection,one_point_crossover,0.6000000000000001,ball_mutation,None,None,0.30000000000000004,0.010519533054993587
<class 'problems.ANNOP.ANNOP'>,1668197986448,algorithms.genetic_algorithm,6,0.23076923076923078,0.2157676348547718,25,tournament_selection,one_point_crossover,1.0,ball_mutation,None,None,0.1,-0.00903575363919825
<class 'problems.ANNOP.ANNOP'>,2504961131000,algorithms.genetic_algorithm,16,0.20374220374220375,0.1908713692946058,25,tournament_selection,one_point_crossover,0.2,ball_mutation,None,None,0.1,0.005322744967617634
<class 'problems.ANNOP.ANNOP'>,2059642941656,algorithms.genetic_algorithm,4,0.20582120582120583,0.2074688796680498,25,tournament_selection,one_point_crossover,0.8,ball_mutation,None,None,0.30000000000000004,0.002353224883035184
<class 'problems.ANNOP.ANNOP'>,1668197986448,algorithms.genetic_algorithm,7,0.23076923076923078,0.2157676348547718,25,tournament_selection,one_point_crossover,1.0,ball_mutation,None,None,0.1,0.0018282083108561824
<class 'problems.ANNOP.ANNOP'>,1935703879896,algorithms.genetic_algorithm,2,0.18814968814968816,0.17427385892116182,25,tournament_selection,one_point_crossover,0.2,ball_mutation,None,None,0.5,0.0007996744344585943
<class 'problems.ANNOP.ANNOP'>,2083998806232,algorithms.genetic_algorithm,2,0.20062370062370063,0.17012448132780084,25,tournament_selection,one_point_crossover,0.4,ball_mutation,None,None,0.5,0.0003891336760097376
<class 'problems.ANNOP.ANNOP'>,2504961131000,algorithms.genetic_algorithm,17,0.20374220374220375,0.1908713692946058,25,tournament_selection,one_point_crossover,0.2,ball_mutation,None,None,0.1,-6.95035990761865e-05
<class 'problems.ANNOP.ANNOP'>,2059642941656,algorithms.genetic_algorithm,5,0.22245322245322247,0.21991701244813278,25,tournament_selection,one_point_crossover,0.8,ball_mutation,None,None,0.30000000000000004,0.00670757089857019
<class 'problems.ANNOP.ANNOP'>,1252435308688,algorithms.genetic_algorithm,5,0.19854469854469856,0.21161825726141079,25,tournament_selection,one_point_crossover,0.6000000000000001,ball_mutation,None,None,0.30000000000000004,-0.003170486663324739
<class 'problems.ANNOP.ANNOP'>,1668197986448,algorithms.genetic_algorithm,8,0.23076923076923078,0.2157676348547718,25,tournament_selection,one_point_crossover,1.0,ball_mutation,None,None,0.1,0.01732401189826572
<class 'problems.ANNOP.ANNOP'>,2504961131000,algorithms.genetic_algorithm,18,0.20374220374220375,0.1908713692946058,25,tournament_selection,one_point_crossover,0.2,ball_mutation,None,None,0.1,0.00044197941578786714
<class 'problems.ANNOP.ANNOP'>,1252435308688,algorithms.genetic_algorithm,6,0.2079002079002079,0.1825726141078838,25,tournament_selection,one_point_crossover,0.6000000000000001,ball_mutation,None,None,0.30000000000000004,0.010935626564849695
<class 'problems.ANNOP.ANNOP'>,2504961131000,algorithms.genetic_algorithm,19,0.2047817047817048,0.2033195020746888,25,tournament_selection,one_point_crossover,0.2,ball_mutation,None,None,0.1,-0.0036043108156644235
<class 'problems.ANNOP.ANNOP'>,1668197986448,algorithms.genetic_algorithm,9,0.24844074844074845,0.23236514522821577,25,tournament_selection,one_point_crossover,1.0,ball_mutation,None,None,0.1,-0.0072327893400971725
<class 'problems.ANNOP.ANNOP'>,1935703879896,algorithms.genetic_algorithm,3,0.20374220374220375,0.1825726141078838,25,tournament_selection,one_point_crossover,0.2,ball_mutation,None,None,0.5,0.0037040476905258815
<class 'problems.ANNOP.ANNOP'>,2083998806232,algorithms.genetic_algorithm,3,0.20582120582120583,0.1908713692946058,25,tournament_selection,one_point_crossover,0.4,ball_mutation,None,None,0.5,-0.003994925939890051
<class 'problems.ANNOP.ANNOP'>,2059642941656,algorithms.genetic_algorithm,6,0.23492723492723494,0.22406639004149378,25,tournament_selection,one_point_crossover,0.8,ball_mutation,None,None,0.30000000000000004,-0.0057388987281753075
<class 'problems.ANNOP.ANNOP'>,1668197986448,algorithms.genetic_algorithm,10,0.24844074844074845,0.23236514522821577,25,tournament_selection,one_point_crossover,1.0,ball_mutation,None,None,0.1,-0.01783830030712483
<class 'problems.ANNOP.ANNOP'>,2504961131000,algorithms.genetic_algorithm,20,0.2047817047817048,0.2033195020746888,25,tournament_selection,one_point_crossover,0.2,ball_mutation,None,None,0.1,0.003039863205012457
<class 'problems.ANNOP.ANNOP'>,2504961131000,algorithms.genetic_algorithm,21,0.2047817047817048,0.2033195020746888,25,tournament_selection,one_point_crossover,0.2,ball_mutation,None,None,0.1,-0.006658521453999497
<class 'problems.ANNOP.ANNOP'>,2504961131000,algorithms.genetic_algorithm,22,0.2151767151767152,0.2033195020746888,25,tournament_selection,one_point_crossover,0.2,ball_mutation,None,None,0.1,0.006475816160975229
<class 'problems.ANNOP.ANNOP'>,1668197986448,algorithms.genetic_algorithm,11,0.24844074844074845,0.23236514522821577,25,tournament_selection,one_point_crossover,1.0,ball_mutation,None,None,0.1,0.011492667352616604
<class 'problems.ANNOP.ANNOP'>,2083998806232,algorithms.genetic_algorithm,4,0.20997920997921,0.1908713692946058,25,tournament_selection,one_point_crossover,0.4,ball_mutation,None,None,0.5,-0.0036324162096837177
<class 'problems.ANNOP.ANNOP'>,1668197986448,algorithms.genetic_algorithm,12,0.24844074844074845,0.23236514522821577,25,tournament_selection,one_point_crossover,1.0,ball_mutation,None,None,0.1,0.002727094150158201
<class 'problems.ANNOP.ANNOP'>,1935703879896,algorithms.genetic_algorithm,4,0.22245322245322247,0.21991701244813278,25,tournament_selection,one_point_crossover,0.2,ball_mutation,None,None,0.5,0.0002600913016213638
<class 'problems.ANNOP.ANNOP'>,2504961131000,algorithms.genetic_algorithm,23,0.2151767151767152,0.2033195020746888,25,tournament_selection,one_point_crossover,0.2,ball_mutation,None,None,0.1,0.0012177275954202513
<class 'problems.ANNOP.ANNOP'>,1252435308688,algorithms.genetic_algorithm,7,0.21933471933471935,0.2157676348547718,25,tournament_selection,one_point_crossover,0.6000000000000001,ball_mutation,None,None,0.30000000000000004,-0.004966541821013103
<class 'problems.ANNOP.ANNOP'>,1668197986448,algorithms.genetic_algorithm,13,0.24844074844074845,0.23236514522821577,25,tournament_selection,one_point_crossover,1.0,ball_mutation,None,None,0.1,-0.027246065869073043
<class 'problems.ANNOP.ANNOP'>,2504961131000,algorithms.genetic_algorithm,24,0.2151767151767152,0.2033195020746888,25,tournament_selection,one_point_crossover,0.2,ball_mutation,None,None,0.1,-0.00019252269442147224
<class 'problems.ANNOP.ANNOP'>,2059642941656,algorithms.genetic_algorithm,7,0.2390852390852391,0.23651452282157676,25,tournament_selection,one_point_crossover,0.8,ball_mutation,None,None,0.30000000000000004,-0.0006552175662235295
<class 'problems.ANNOP.ANNOP'>,1668197986448,algorithms.genetic_algorithm,14,0.24844074844074845,0.23236514522821577,25,tournament_selection,one_point_crossover,1.0,ball_mutation,None,None,0.1,0.0
<class 'problems.ANNOP.ANNOP'>,2059642941656,algorithms.genetic_algorithm,8,0.2390852390852391,0.23651452282157676,25,tournament_selection,one_point_crossover,0.8,ball_mutation,None,None,0.30000000000000004,-0.005408636616841867
<class 'problems.ANNOP.ANNOP'>,1668197986448,algorithms.genetic_algorithm,15,0.24844074844074845,0.23236514522821577,25,tournament_selection,one_point_crossover,1.0,ball_mutation,None,None,0.1,0.02286811565012086
<class 'problems.ANNOP.ANNOP'>,2504961131000,algorithms.genetic_algorithm,25,0.2151767151767152,0.2033195020746888,25,tournament_selection,one_point_crossover,0.2,ball_mutation,None,None,0.1,0.006277979873650597
<class 'problems.ANNOP.ANNOP'>,1935703879896,algorithms.genetic_algorithm,5,0.22245322245322247,0.21991701244813278,25,tournament_selection,one_point_crossover,0.2,ball_mutation,None,None,0.5,-0.007981414103261107
<class 'problems.ANNOP.ANNOP'>,1252435308688,algorithms.genetic_algorithm,8,0.21933471933471935,0.2157676348547718,25,tournament_selection,one_point_crossover,0.6000000000000001,ball_mutation,None,None,0.30000000000000004,-0.006049772090227643
<class 'problems.ANNOP.ANNOP'>,1668197986448,algorithms.genetic_algorithm,16,0.24844074844074845,0.23236514522821577,25,tournament_selection,one_point_crossover,1.0,ball_mutation,None,None,0.1,-0.02286811565012086
<class 'problems.ANNOP.ANNOP'>,2083998806232,algorithms.genetic_algorithm,5,0.21621621621621623,0.18672199170124482,25,tournament_selection,one_point_crossover,0.4,ball_mutation,None,None,0.5,-0.002304727430580928
<class 'problems.ANNOP.ANNOP'>,2504961131000,algorithms.genetic_algorithm,26,0.2151767151767152,0.2033195020746888,25,tournament_selection,one_point_crossover,0.2,ball_mutation,None,None,0.1,-0.007911351340753665
<class 'problems.ANNOP.ANNOP'>,1668197986448,algorithms.genetic_algorithm,17,0.24844074844074845,0.23236514522821577,25,tournament_selection,one_point_crossover,1.0,ball_mutation,None,None,0.1,0.020870778700680298
<class 'problems.ANNOP.ANNOP'>,2059642941656,algorithms.genetic_algorithm,9,0.24116424116424118,0.2572614107883817,25,tournament_selection,one_point_crossover,0.8,ball_mutation,None,None,0.30000000000000004,0.010866238884687724
<class 'problems.ANNOP.ANNOP'>,2504961131000,algorithms.genetic_algorithm,27,0.2151767151767152,0.2033195020746888,25,tournament_selection,one_point_crossover,0.2,ball_mutation,None,None,0.1,0.0027829978632635125
<class 'problems.ANNOP.ANNOP'>,2083998806232,algorithms.genetic_algorithm,6,0.21621621621621623,0.18672199170124482,25,tournament_selection,one_point_crossover,0.4,ball_mutation,None,None,0.5,3.156417472686794e-05
<class 'problems.ANNOP.ANNOP'>,2504961131000,algorithms.genetic_algorithm,28,0.2151767151767152,0.2033195020746888,25,tournament_selection,one_point_crossover,0.2,ball_mutation,None,None,0.1,-0.003354453419684338
<class 'problems.ANNOP.ANNOP'>,1252435308688,algorithms.genetic_algorithm,9,0.21933471933471935,0.2157676348547718,25,tournament_selection,one_point_crossover,0.6000000000000001,ball_mutation,None,None,0.30000000000000004,0.01558254241924564
<class 'problems.ANNOP.ANNOP'>,1668197986448,algorithms.genetic_algorithm,18,0.24844074844074845,0.23236514522821577,25,tournament_selection,one_point_crossover,1.0,ball_mutation,None,None,0.1,0.02749819545601833
<class 'problems.ANNOP.ANNOP'>,2504961131000,algorithms.genetic_algorithm,29,0.2151767151767152,0.2033195020746888,25,tournament_selection,one_point_crossover,0.2,ball_mutation,None,None,0.1,0.0006562906264366355
<class 'problems.ANNOP.ANNOP'>,1935703879896,algorithms.genetic_algorithm,6,0.23284823284823286,0.27385892116182575,25,tournament_selection,one_point_crossover,0.2,ball_mutation,None,None,0.5,0.005578285072008325
<class 'problems.ANNOP.ANNOP'>,2059642941656,algorithms.genetic_algorithm,10,0.24116424116424118,0.2572614107883817,25,tournament_selection,one_point_crossover,0.8,ball_mutation,None,None,0.30000000000000004,-0.0014328787643274749
<class 'problems.ANNOP.ANNOP'>,1668197986448,algorithms.genetic_algorithm,19,0.24844074844074845,0.23236514522821577,25,tournament_selection,one_point_crossover,1.0,ball_mutation,None,None,0.1,-0.023504735086287695
<class 'problems.ANNOP.ANNOP'>,1252435308688,algorithms.genetic_algorithm,10,0.2494802494802495,0.21161825726141079,25,tournament_selection,one_point_crossover,0.6000000000000001,ball_mutation,None,None,0.30000000000000004,-0.014016847133999439
<class 'problems.ANNOP.ANNOP'>,2504961131000,algorithms.genetic_algorithm,30,0.2151767151767152,0.2033195020746888,25,tournament_selection,one_point_crossover,0.2,ball_mutation,None,None,0.1,0.0028123277279369398
<class 'problems.ANNOP.ANNOP'>,1668197986448,algorithms.genetic_algorithm,20,0.24844074844074845,0.23236514522821577,25,tournament_selection,one_point_crossover,1.0,ball_mutation,None,None,0.1,0.014152687120527464
<class 'problems.ANNOP.ANNOP'>,1935703879896,algorithms.genetic_algorithm,7,0.23284823284823286,0.27385892116182575,25,tournament_selection,one_point_crossover,0.2,ball_mutation,None,None,0.5,-4.999984969154131e-05
<class 'problems.ANNOP.ANNOP'>,2504961131000,algorithms.genetic_algorithm,31,0.2151767151767152,0.2033195020746888,25,tournament_selection,one_point_crossover,0.2,ball_mutation,None,None,0.1,0.000769084036437084
<class 'problems.ANNOP.ANNOP'>,2059642941656,algorithms.genetic_algorithm,11,0.24116424116424118,0.2572614107883817,25,tournament_selection,one_point_crossover,0.8,ball_mutation,None,None,0.30000000000000004,-0.0030009231564493213
<class 'problems.ANNOP.ANNOP'>,2504961131000,algorithms.genetic_algorithm,32,0.2151767151767152,0.2033195020746888,25,tournament_selection,one_point_crossover,0.2,ball_mutation,None,None,0.1,-0.009533896429260747
<class 'problems.ANNOP.ANNOP'>,2083998806232,algorithms.genetic_algorithm,7,0.2203742203742204,0.2157676348547718,25,tournament_selection,one_point_crossover,0.4,ball_mutation,None,None,0.5,0.0011896014510950487
<class 'problems.ANNOP.ANNOP'>,1668197986448,algorithms.genetic_algorithm,21,0.24844074844074845,0.23236514522821577,25,tournament_selection,one_point_crossover,1.0,ball_mutation,None,None,0.1,-0.004950309057063139
<class 'problems.ANNOP.ANNOP'>,1252435308688,algorithms.genetic_algorithm,11,0.2494802494802495,0.21161825726141079,25,tournament_selection,one_point_crossover,0.6000000000000001,ball_mutation,None,None,0.30000000000000004,0.02210645688618566
<class 'problems.ANNOP.ANNOP'>,1668197986448,algorithms.genetic_algorithm,22,0.24844074844074845,0.23236514522821577,25,tournament_selection,one_point_crossover,1.0,ball_mutation,None,None,0.1,-0.03406661713387526
<class 'problems.ANNOP.ANNOP'>,2059642941656,algorithms.genetic_algorithm,12,0.24116424116424118,0.2572614107883817,25,tournament_selection,one_point_crossover,0.8,ball_mutation,None,None,0.30000000000000004,0.001313859938718633
<class 'problems.ANNOP.ANNOP'>,2504961131000,algorithms.genetic_algorithm,33,0.2151767151767152,0.2033195020746888,25,tournament_selection,one_point_crossover,0.2,ball_mutation,None,None,0.1,0.013166765143376509
<class 'problems.ANNOP.ANNOP'>,2504961131000,algorithms.genetic_algorithm,34,0.2151767151767152,0.2033195020746888,25,tournament_selection,one_point_crossover,0.2,ball_mutation,None,None,0.1,-0.013166765143376509
<class 'problems.ANNOP.ANNOP'>,1252435308688,algorithms.genetic_algorithm,12,0.2494802494802495,0.21161825726141079,25,tournament_selection,one_point_crossover,0.6000000000000001,ball_mutation,None,None,0.30000000000000004,-0.022921938357570382
<class 'problems.ANNOP.ANNOP'>,1668197986448,algorithms.genetic_algorithm,23,0.24844074844074845,0.23236514522821577,25,tournament_selection,one_point_crossover,1.0,ball_mutation,None,None,0.1,0.020276399734281237
<class 'problems.ANNOP.ANNOP'>,1935703879896,algorithms.genetic_algorithm,8,0.23284823284823286,0.27385892116182575,25,tournament_selection,one_point_crossover,0.2,ball_mutation,None,None,0.5,0.00834423424381283
<class 'problems.ANNOP.ANNOP'>,2083998806232,algorithms.genetic_algorithm,8,0.2203742203742204,0.2157676348547718,25,tournament_selection,one_point_crossover,0.4,ball_mutation,None,None,0.5,-0.004968109562533105
<class 'problems.ANNOP.ANNOP'>,1668197986448,algorithms.genetic_algorithm,24,0.24844074844074845,0.23236514522821577,25,tournament_selection,one_point_crossover,1.0,ball_mutation,None,None,0.1,0.0022880433681326737
<class 'problems.ANNOP.ANNOP'>,1252435308688,algorithms.genetic_algorithm,13,0.2494802494802495,0.21161825726141079,25,tournament_selection,one_point_crossover,0.6000000000000001,ball_mutation,None,None,0.30000000000000004,0.00583015922745431
<class 'problems.ANNOP.ANNOP'>,1935703879896,algorithms.genetic_algorithm,9,0.23284823284823286,0.27385892116182575,25,tournament_selection,one_point_crossover,0.2,ball_mutation,None,None,0.5,-0.025593738692748214
<class 'problems.ANNOP.ANNOP'>,2504961131000,algorithms.genetic_algorithm,35,0.2151767151767152,0.2033195020746888,25,tournament_selection,one_point_crossover,0.2,ball_mutation,None,None,0.1,0.011176449110782187
<class 'problems.ANNOP.ANNOP'>,2504961131000,algorithms.genetic_algorithm,36,0.2151767151767152,0.2033195020746888,25,tournament_selection,one_point_crossover,0.2,ball_mutation,None,None,0.1,-0.011176449110782187
<class 'problems.ANNOP.ANNOP'>,1668197986448,algorithms.genetic_algorithm,25,0.24844074844074845,0.23236514522821577,25,tournament_selection,one_point_crossover,1.0,ball_mutation,None,None,0.1,-0.0010584352358040533
<class 'problems.ANNOP.ANNOP'>,2083998806232,algorithms.genetic_algorithm,9,0.2203742203742204,0.2157676348547718,25,tournament_selection,one_point_crossover,0.4,ball_mutation,None,None,0.5,-0.004095514223503051
<class 'problems.ANNOP.ANNOP'>,2504961131000,algorithms.genetic_algorithm,37,0.2151767151767152,0.2033195020746888,25,tournament_selection,one_point_crossover,0.2,ball_mutation,None,None,0.1,0.011731615493181915
<class 'problems.ANNOP.ANNOP'>,2504961131000,algorithms.genetic_algorithm,38,0.2151767151767152,0.2033195020746888,25,tournament_selection,one_point_crossover,0.2,ball_mutation,None,None,0.1,-0.011731615493181915
<class 'problems.ANNOP.ANNOP'>,1252435308688,algorithms.genetic_algorithm,14,0.2494802494802495,0.21161825726141079,25,tournament_selection,one_point_crossover,0.6000000000000001,ball_mutation,None,None,0.30000000000000004,-0.0006394870024407778
<class 'problems.ANNOP.ANNOP'>,2504961131000,algorithms.genetic_algorithm,39,0.2151767151767152,0.2033195020746888,25,tournament_selection,one_point_crossover,0.2,ball_mutation,None,None,0.1,0.0
<class 'problems.ANNOP.ANNOP'>,2059642941656,algorithms.genetic_algorithm,13,0.24532224532224534,0.25311203319502074,25,tournament_selection,one_point_crossover,0.8,ball_mutation,None,None,0.30000000000000004,-0.0011133790616506562
<class 'problems.ANNOP.ANNOP'>,1668197986448,algorithms.genetic_algorithm,26,0.24844074844074845,0.23236514522821577,25,tournament_selection,one_point_crossover,1.0,ball_mutation,None,None,0.1,-0.008061822999774978
<class 'problems.ANNOP.ANNOP'>,2504961131000,algorithms.genetic_algorithm,40,0.2151767151767152,0.2033195020746888,25,tournament_selection,one_point_crossover,0.2,ball_mutation,None,None,0.1,0.00879749572515862
<class 'problems.ANNOP.ANNOP'>,1668197986448,algorithms.genetic_algorithm,27,0.24844074844074845,0.23236514522821577,25,tournament_selection,one_point_crossover,1.0,ball_mutation,None,None,0.1,0.004842337352981944
<class 'problems.ANNOP.ANNOP'>,2059642941656,algorithms.genetic_algorithm,14,0.24532224532224534,0.25311203319502074,25,tournament_selection,one_point_crossover,0.8,ball_mutation,None,None,0.30000000000000004,-0.00020766039571176037
<class 'problems.ANNOP.ANNOP'>,2504961131000,algorithms.genetic_algorithm,41,0.2151767151767152,0.2033195020746888,25,tournament_selection,one_point_crossover,0.2,ball_mutation,None,None,0.1,0.002669100726515097
<class 'problems.ANNOP.ANNOP'>,2083998806232,algorithms.genetic_algorithm,10,0.2203742203742204,0.2157676348547718,25,tournament_selection,one_point_crossover,0.4,ball_mutation,None,None,0.5,0.0065072562737420285
<class 'problems.ANNOP.ANNOP'>,1935703879896,algorithms.genetic_algorithm,10,0.28274428274428276,0.24066390041493776,25,tournament_selection,one_point_crossover,0.2,ball_mutation,None,None,0.5,0.015559004587780482
<class 'problems.ANNOP.ANNOP'>,2504961131000,algorithms.genetic_algorithm,42,0.2151767151767152,0.2033195020746888,25,tournament_selection,one_point_crossover,0.2,ball_mutation,None,None,0.1,-0.008751448390581933
<class 'problems.ANNOP.ANNOP'>,1252435308688,algorithms.genetic_algorithm,15,0.2494802494802495,0.21161825726141079,25,tournament_selection,one_point_crossover,0.6000000000000001,ball_mutation,None,None,0.30000000000000004,0.010299661846022053
<class 'problems.ANNOP.ANNOP'>,1668197986448,algorithms.genetic_algorithm,28,0.24844074844074845,0.23236514522821577,25,tournament_selection,one_point_crossover,1.0,ball_mutation,None,None,0.1,0.01868596817462541
<class 'problems.ANNOP.ANNOP'>,2504961131000,algorithms.genetic_algorithm,43,0.2151767151767152,0.2033195020746888,25,tournament_selection,one_point_crossover,0.2,ball_mutation,None,None,0.1,0.002578107184546188
<class 'problems.ANNOP.ANNOP'>,2059642941656,algorithms.genetic_algorithm,15,0.24532224532224534,0.25311203319502074,25,tournament_selection,one_point_crossover,0.8,ball_mutation,None,None,0.30000000000000004,-0.004213179270452733
<class 'problems.ANNOP.ANNOP'>,1668197986448,algorithms.genetic_algorithm,29,0.24844074844074845,0.23236514522821577,25,tournament_selection,one_point_crossover,1.0,ball_mutation,None,None,0.1,0.0015487645896608282
<class 'problems.ANNOP.ANNOP'>,2504961131000,algorithms.genetic_algorithm,44,0.2151767151767152,0.2033195020746888,25,tournament_selection,one_point_crossover,0.2,ball_mutation,None,None,0.1,0.0036198221390713655
<class 'problems.ANNOP.ANNOP'>,1668197986448,algorithms.genetic_algorithm,30,0.24844074844074845,0.23236514522821577,25,tournament_selection,one_point_crossover,1.0,ball_mutation,None,None,0.1,-0.03852125498410306
<class 'problems.ANNOP.ANNOP'>,2504961131000,algorithms.genetic_algorithm,45,0.2151767151767152,0.2033195020746888,25,tournament_selection,one_point_crossover,0.2,ball_mutation,None,None,0.1,-0.0003528383943008674
<class 'problems.ANNOP.ANNOP'>,2504961131000,algorithms.genetic_algorithm,46,0.2151767151767152,0.2033195020746888,25,tournament_selection,one_point_crossover,0.2,ball_mutation,None,None,0.1,-0.008560238990408468
<class 'problems.ANNOP.ANNOP'>,1668197986448,algorithms.genetic_algorithm,31,0.24844074844074845,0.23236514522821577,25,tournament_selection,one_point_crossover,1.0,ball_mutation,None,None,0.1,0.0
<class 'problems.ANNOP.ANNOP'>,1252435308688,algorithms.genetic_algorithm,16,0.2494802494802495,0.21161825726141079,25,tournament_selection,one_point_crossover,0.6000000000000001,ball_mutation,None,None,0.30000000000000004,-0.003368036666228702
<class 'problems.ANNOP.ANNOP'>,1935703879896,algorithms.genetic_algorithm,11,0.28274428274428276,0.24066390041493776,25,tournament_selection,one_point_crossover,0.2,ball_mutation,None,None,0.5,0.011910831925649741
<class 'problems.ANNOP.ANNOP'>,2059642941656,algorithms.genetic_algorithm,16,0.24532224532224534,0.25311203319502074,25,tournament_selection,one_point_crossover,0.8,ball_mutation,None,None,0.30000000000000004,0.004487579433080283
<class 'problems.ANNOP.ANNOP'>,2083998806232,algorithms.genetic_algorithm,11,0.2234927234927235,0.21161825726141079,25,tournament_selection,one_point_crossover,0.4,ball_mutation,None,None,0.5,-0.001109341166209277
<class 'problems.ANNOP.ANNOP'>,2504961131000,algorithms.genetic_algorithm,47,0.21621621621621623,0.2074688796680498,25,tournament_selection,one_point_crossover,0.2,ball_mutation,None,None,0.1,0.011436401280228718
<class 'problems.ANNOP.ANNOP'>,1252435308688,algorithms.genetic_algorithm,17,0.2494802494802495,0.21161825726141079,25,tournament_selection,one_point_crossover,0.6000000000000001,ball_mutation,None,None,0.30000000000000004,-0.009952394681772322
<class 'problems.ANNOP.ANNOP'>,1668197986448,algorithms.genetic_algorithm,32,0.24844074844074845,0.23236514522821577,25,tournament_selection,one_point_crossover,1.0,ball_mutation,None,None,0.1,0.04386546587848198
<class 'problems.ANNOP.ANNOP'>,2504961131000,algorithms.genetic_algorithm,48,0.21621621621621623,0.2074688796680498,25,tournament_selection,one_point_crossover,0.2,ball_mutation,None,None,0.1,-0.003168975624186497
<class 'problems.ANNOP.ANNOP'>,1668197986448,algorithms.genetic_algorithm,33,0.24844074844074845,0.23236514522821577,25,tournament_selection,one_point_crossover,1.0,ball_mutation,None,None,0.1,-0.0324582787187433
<class 'problems.ANNOP.ANNOP'>,2059642941656,algorithms.genetic_algorithm,17,0.24532224532224534,0.25311203319502074,25,tournament_selection,one_point_crossover,0.8,ball_mutation,None,None,0.30000000000000004,0.001947758105173664
<class 'problems.ANNOP.ANNOP'>,2504961131000,algorithms.genetic_algorithm,49,0.21621621621621623,0.2074688796680498,25,tournament_selection,one_point_crossover,0.2,ball_mutation,None,None,0.1,0.0034868630606801863
<class 'problems.ANNOP.ANNOP'>,2504961131000,algorithms.genetic_algorithm,50,0.21621621621621623,0.2074688796680498,25,tournament_selection,one_point_crossover,0.2,ball_mutation,None,None,0.1,-0.011550588946012815
<class 'problems.ANNOP.ANNOP'>,1935703879896,algorithms.genetic_algorithm,12,0.28274428274428276,0.24066390041493776,25,tournament_selection,one_point_crossover,0.2,ball_mutation,None,None,0.5,0.009879206622753198
<class 'problems.ANNOP.ANNOP'>,1252435308688,algorithms.genetic_algorithm,18,0.2494802494802495,0.21161825726141079,25,tournament_selection,one_point_crossover,0.6000000000000001,ball_mutation,None,None,0.30000000000000004,0.028310365905892983
<class 'problems.ANNOP.ANNOP'>,1668197986448,algorithms.genetic_algorithm,34,0.24844074844074845,0.23236514522821577,25,tournament_selection,one_point_crossover,1.0,ball_mutation,None,None,0.1,0.02071188108870304
<class 'problems.ANNOP.ANNOP'>,2504961131000,algorithms.genetic_algorithm,51,0.21621621621621623,0.2074688796680498,25,tournament_selection,one_point_crossover,0.2,ball_mutation,None,None,0.1,0.008664066640968332
<class 'problems.ANNOP.ANNOP'>,1668197986448,algorithms.genetic_algorithm,35,0.24844074844074845,0.23236514522821577,25,tournament_selection,one_point_crossover,1.0,ball_mutation,None,None,0.1,-0.006494155253629931
<class 'problems.ANNOP.ANNOP'>,2083998806232,algorithms.genetic_algorithm,12,0.22972972972972974,0.21991701244813278,25,tournament_selection,one_point_crossover,0.4,ball_mutation,None,None,0.5,0.0071247377717919835
<class 'problems.ANNOP.ANNOP'>,2504961131000,algorithms.genetic_algorithm,52,0.21621621621621623,0.2074688796680498,25,tournament_selection,one_point_crossover,0.2,ball_mutation,None,None,0.1,-0.00445753700718805
<class 'problems.ANNOP.ANNOP'>,2504961131000,algorithms.genetic_algorithm,53,0.21621621621621623,0.2074688796680498,25,tournament_selection,one_point_crossover,0.2,ball_mutation,None,None,0.1,-0.004410229404489874
<class 'problems.ANNOP.ANNOP'>,1252435308688,algorithms.genetic_algorithm,19,0.2494802494802495,0.21161825726141079,25,tournament_selection,one_point_crossover,0.6000000000000001,ball_mutation,None,None,0.30000000000000004,-0.019228993586019545
<class 'problems.ANNOP.ANNOP'>,2059642941656,algorithms.genetic_algorithm,18,0.24532224532224534,0.25311203319502074,25,tournament_selection,one_point_crossover,0.8,ball_mutation,None,None,0.30000000000000004,0.004096265052457313
<class 'problems.ANNOP.ANNOP'>,1668197986448,algorithms.genetic_algorithm,36,0.24844074844074845,0.23236514522821577,25,tournament_selection,one_point_crossover,1.0,ball_mutation,None,None,0.1,-0.014140689174619976
<class 'problems.ANNOP.ANNOP'>,2504961131000,algorithms.genetic_algorithm,54,0.2182952182952183,0.23236514522821577,25,tournament_selection,one_point_crossover,0.2,ball_mutation,None,None,0.1,0.0013043149389902527
<class 'problems.ANNOP.ANNOP'>,1935703879896,algorithms.genetic_algorithm,13,0.28274428274428276,0.24066390041493776,25,tournament_selection,one_point_crossover,0.2,ball_mutation,None,None,0.5,-0.004994338538966574
<class 'problems.ANNOP.ANNOP'>,2504961131000,algorithms.genetic_algorithm,55,0.2182952182952183,0.23236514522821577,25,tournament_selection,one_point_crossover,0.2,ball_mutation,None,None,0.1,0.010076317905763056
<class 'problems.ANNOP.ANNOP'>,2504961131000,algorithms.genetic_algorithm,56,0.2182952182952183,0.23236514522821577,25,tournament_selection,one_point_crossover,0.2,ball_mutation,None,None,0.1,-0.010362133991205238
<class 'problems.ANNOP.ANNOP'>,1668197986448,algorithms.genetic_algorithm,37,0.24844074844074845,0.23236514522821577,25,tournament_selection,one_point_crossover,1.0,ball_mutation,None,None,0.1,0.026528303861516944
<class 'problems.ANNOP.ANNOP'>,1252435308688,algorithms.genetic_algorithm,20,0.2494802494802495,0.21161825726141079,25,tournament_selection,one_point_crossover,0.6000000000000001,ball_mutation,None,None,0.30000000000000004,0.006205785589520146
<class 'problems.ANNOP.ANNOP'>,1668197986448,algorithms.genetic_algorithm,38,0.24844074844074845,0.23236514522821577,25,tournament_selection,one_point_crossover,1.0,ball_mutation,None,None,0.1,-0.038012527681708756
<class 'problems.ANNOP.ANNOP'>,2059642941656,algorithms.genetic_algorithm,19,0.24532224532224534,0.25311203319502074,25,tournament_selection,one_point_crossover,0.8,ball_mutation,None,None,0.30000000000000004,0.00648272296423253
<class 'problems.ANNOP.ANNOP'>,2504961131000,algorithms.genetic_algorithm,57,0.2182952182952183,0.23236514522821577,25,tournament_selection,one_point_crossover,0.2,ball_mutation,None,None,0.1,0.007608733546138567
<class 'problems.ANNOP.ANNOP'>,2083998806232,algorithms.genetic_algorithm,13,0.22972972972972974,0.21991701244813278,25,tournament_selection,one_point_crossover,0.4,ball_mutation,None,None,0.5,0.001592618919981137
<class 'problems.ANNOP.ANNOP'>,1668197986448,algorithms.genetic_algorithm,39,0.24844074844074845,0.23236514522821577,25,tournament_selection,one_point_crossover,1.0,ball_mutation,None,None,0.1,0.022406974778058152
<class 'problems.ANNOP.ANNOP'>,2504961131000,algorithms.genetic_algorithm,58,0.22245322245322247,0.22406639004149378,25,tournament_selection,one_point_crossover,0.2,ball_mutation,None,None,0.1,-0.0016454989050052457
<class 'problems.ANNOP.ANNOP'>,1252435308688,algorithms.genetic_algorithm,21,0.2494802494802495,0.21161825726141079,25,tournament_selection,one_point_crossover,0.6000000000000001,ball_mutation,None,None,0.30000000000000004,0.00510811901982345
<class 'problems.ANNOP.ANNOP'>,1935703879896,algorithms.genetic_algorithm,14,0.28274428274428276,0.24066390041493776,25,tournament_selection,one_point_crossover,0.2,ball_mutation,None,None,0.5,-0.004563264760335993
<class 'problems.ANNOP.ANNOP'>,1668197986448,algorithms.genetic_algorithm,40,0.24844074844074845,0.23236514522821577,25,tournament_selection,one_point_crossover,1.0,ball_mutation,None,None,0.1,0.002039614543245135
<class 'problems.ANNOP.ANNOP'>,2504961131000,algorithms.genetic_algorithm,59,0.22245322245322247,0.22406639004149378,25,tournament_selection,one_point_crossover,0.2,ball_mutation,None,None,0.1,0.008377575916764635
<class 'problems.ANNOP.ANNOP'>,2504961131000,algorithms.genetic_algorithm,60,0.22245322245322247,0.22406639004149378,25,tournament_selection,one_point_crossover,0.2,ball_mutation,None,None,0.1,-0.013577664065447838
<class 'problems.ANNOP.ANNOP'>,2059642941656,algorithms.genetic_algorithm,20,0.24636174636174638,0.24896265560165975,25,tournament_selection,one_point_crossover,0.8,ball_mutation,None,None,0.30000000000000004,-0.004925104551309602
<class 'problems.ANNOP.ANNOP'>,2504961131000,algorithms.genetic_algorithm,61,0.22245322245322247,0.22406639004149378,25,tournament_selection,one_point_crossover,0.2,ball_mutation,None,None,0.1,0.001925746441969977
<class 'problems.ANNOP.ANNOP'>,1252435308688,algorithms.genetic_algorithm,22,0.2494802494802495,0.21161825726141079,25,tournament_selection,one_point_crossover,0.6000000000000001,ball_mutation,None,None,0.30000000000000004,-0.01722722857700868
<class 'problems.ANNOP.ANNOP'>,2504961131000,algorithms.genetic_algorithm,62,0.22245322245322247,0.22406639004149378,25,tournament_selection,one_point_crossover,0.2,ball_mutation,None,None,0.1,-0.0037073917879681933
<class 'problems.ANNOP.ANNOP'>,2504961131000,algorithms.genetic_algorithm,63,0.22245322245322247,0.22406639004149378,25,tournament_selection,one_point_crossover,0.2,ball_mutation,None,None,0.1,0.0
<class 'problems.ANNOP.ANNOP'>,1668197986448,algorithms.genetic_algorithm,41,0.24844074844074845,0.23236514522821577,25,tournament_selection,one_point_crossover,1.0,ball_mutation,None,None,0.1,0.00402131907293609
<class 'problems.ANNOP.ANNOP'>,1935703879896,algorithms.genetic_algorithm,15,0.29417879417879417,0.24481327800829875,25,tournament_selection,one_point_crossover,0.2,ball_mutation,None,None,0.5,-0.0001847776934676415
<class 'problems.ANNOP.ANNOP'>,1252435308688,algorithms.genetic_algorithm,23,0.2494802494802495,0.21161825726141079,25,tournament_selection,one_point_crossover,0.6000000000000001,ball_mutation,None,None,0.30000000000000004,0.006766230265219733
<class 'problems.ANNOP.ANNOP'>,2083998806232,algorithms.genetic_algorithm,14,0.22972972972972974,0.21991701244813278,25,tournament_selection,one_point_crossover,0.4,ball_mutation,None,None,0.5,0.0005042572623988294
<class 'problems.ANNOP.ANNOP'>,2504961131000,algorithms.genetic_algorithm,64,0.23596673596673598,0.22406639004149378,25,tournament_selection,one_point_crossover,0.2,ball_mutation,None,None,0.1,0.004892683050338631
<class 'problems.ANNOP.ANNOP'>,1252435308688,algorithms.genetic_algorithm,24,0.2494802494802495,0.21161825726141079,25,tournament_selection,one_point_crossover,0.6000000000000001,ball_mutation,None,None,0.30000000000000004,-0.032949614688752064
<class 'problems.ANNOP.ANNOP'>,1668197986448,algorithms.genetic_algorithm,42,0.24844074844074845,0.23236514522821577,25,tournament_selection,one_point_crossover,1.0,ball_mutation,None,None,0.1,0.022610156056288938
<class 'problems.ANNOP.ANNOP'>,2059642941656,algorithms.genetic_algorithm,21,0.25467775467775466,0.24066390041493776,25,tournament_selection,one_point_crossover,0.8,ball_mutation,None,None,0.30000000000000004,-0.007947229061123407
<class 'problems.ANNOP.ANNOP'>,2504961131000,algorithms.genetic_algorithm,65,0.23700623700623702,0.22406639004149378,25,tournament_selection,one_point_crossover,0.2,ball_mutation,None,None,0.1,0.003960644231148794
<class 'problems.ANNOP.ANNOP'>,1668197986448,algorithms.genetic_algorithm,43,0.24844074844074845,0.23236514522821577,25,tournament_selection,one_point_crossover,1.0,ball_mutation,None,None,0.1,-0.051078064450528315
<class 'problems.ANNOP.ANNOP'>,1668197986448,algorithms.genetic_algorithm,44,0.24844074844074845,0.23236514522821577,25,tournament_selection,one_point_crossover,1.0,ball_mutation,None,None,0.1,0.0
<class 'problems.ANNOP.ANNOP'>,2504961131000,algorithms.genetic_algorithm,66,0.23700623700623702,0.22406639004149378,25,tournament_selection,one_point_crossover,0.2,ball_mutation,None,None,0.1,-0.0012202463040712833
<class 'problems.ANNOP.ANNOP'>,2504961131000,algorithms.genetic_algorithm,67,0.23700623700623702,0.22406639004149378,25,tournament_selection,one_point_crossover,0.2,ball_mutation,None,None,0.1,-0.007295283122753524
<class 'problems.ANNOP.ANNOP'>,2083998806232,algorithms.genetic_algorithm,15,0.23492723492723494,0.21161825726141079,25,tournament_selection,one_point_crossover,0.4,ball_mutation,None,None,0.5,-0.0024043529865042865
<class 'problems.ANNOP.ANNOP'>,1252435308688,algorithms.genetic_algorithm,25,0.2494802494802495,0.21161825726141079,25,tournament_selection,one_point_crossover,0.6000000000000001,ball_mutation,None,None,0.30000000000000004,0.038504069670125714
<class 'problems.ANNOP.ANNOP'>,1935703879896,algorithms.genetic_algorithm,16,0.29417879417879417,0.24481327800829875,25,tournament_selection,one_point_crossover,0.2,ball_mutation,None,None,0.5,0.016530930665599575
<class 'problems.ANNOP.ANNOP'>,2059642941656,algorithms.genetic_algorithm,22,0.25467775467775466,0.24066390041493776,25,tournament_selection,one_point_crossover,0.8,ball_mutation,None,None,0.30000000000000004,0.012616900748027704
<class 'problems.ANNOP.ANNOP'>,1668197986448,algorithms.genetic_algorithm,45,0.24844074844074845,0.23236514522821577,25,tournament_selection,one_point_crossover,1.0,ball_mutation,None,None,0.1,0.016063893587032238
<class 'problems.ANNOP.ANNOP'>,2059642941656,algorithms.genetic_algorithm,23,0.25467775467775466,0.24066390041493776,25,tournament_selection,one_point_crossover,0.8,ball_mutation,None,None,0.30000000000000004,-0.011582135434483146
<class 'problems.ANNOP.ANNOP'>,2504961131000,algorithms.genetic_algorithm,68,0.23700623700623702,0.22406639004149378,25,tournament_selection,one_point_crossover,0.2,ball_mutation,None,None,0.1,0.014668507702608559
<class 'problems.ANNOP.ANNOP'>,1252435308688,algorithms.genetic_algorithm,26,0.2494802494802495,0.21161825726141079,25,tournament_selection,one_point_crossover,0.6000000000000001,ball_mutation,None,None,0.30000000000000004,-0.005770583433965297
<class 'problems.ANNOP.ANNOP'>,1668197986448,algorithms.genetic_algorithm,46,0.24844074844074845,0.23236514522821577,25,tournament_selection,one_point_crossover,1.0,ball_mutation,None,None,0.1,0.010175583613743648
<class 'problems.ANNOP.ANNOP'>,2504961131000,algorithms.genetic_algorithm,69,0.23700623700623702,0.22406639004149378,25,tournament_selection,one_point_crossover,0.2,ball_mutation,None,None,0.1,-0.014598906015851936
<class 'problems.ANNOP.ANNOP'>,2083998806232,algorithms.genetic_algorithm,16,0.23492723492723494,0.21161825726141079,25,tournament_selection,one_point_crossover,0.4,ball_mutation,None,None,0.5,0.0013152174677171988
<class 'problems.ANNOP.ANNOP'>,1668197986448,algorithms.genetic_algorithm,47,0.24844074844074845,0.23236514522821577,25,tournament_selection,one_point_crossover,1.0,ball_mutation,None,None,0.1,-0.0005177932710059424
<class 'problems.ANNOP.ANNOP'>,1935703879896,algorithms.genetic_algorithm,17,0.29417879417879417,0.24481327800829875,25,tournament_selection,one_point_crossover,0.2,ball_mutation,None,None,0.5,-0.018252767599355235
<class 'problems.ANNOP.ANNOP'>,2059642941656,algorithms.genetic_algorithm,24,0.25467775467775466,0.24066390041493776,25,tournament_selection,one_point_crossover,0.8,ball_mutation,None,None,0.30000000000000004,0.00858633567486494
<class 'problems.ANNOP.ANNOP'>,1252435308688,algorithms.genetic_algorithm,27,0.2494802494802495,0.21161825726141079,25,tournament_selection,one_point_crossover,0.6000000000000001,ball_mutation,None,None,0.30000000000000004,0.0016313144290688794
<class 'problems.ANNOP.ANNOP'>,2504961131000,algorithms.genetic_algorithm,70,0.23700623700623702,0.22406639004149378,25,tournament_selection,one_point_crossover,0.2,ball_mutation,None,None,0.1,0.013738005936770215
<class 'problems.ANNOP.ANNOP'>,1668197986448,algorithms.genetic_algorithm,48,0.24844074844074845,0.23236514522821577,25,tournament_selection,one_point_crossover,1.0,ball_mutation,None,None,0.1,0.018020756960317047
<class 'problems.ANNOP.ANNOP'>,2504961131000,algorithms.genetic_algorithm,71,0.23700623700623702,0.22406639004149378,25,tournament_selection,one_point_crossover,0.2,ball_mutation,None,None,0.1,-0.005013307496852214
<class 'problems.ANNOP.ANNOP'>,2504961131000,algorithms.genetic_algorithm,72,0.24532224532224534,0.23236514522821577,25,tournament_selection,one_point_crossover,0.2,ball_mutation,None,None,0.1,-0.006307102097518026
<class 'problems.ANNOP.ANNOP'>,1668197986448,algorithms.genetic_algorithm,49,0.24844074844074845,0.23236514522821577,25,tournament_selection,one_point_crossover,1.0,ball_mutation,None,None,0.1,-0.009232258812269127
<class 'problems.ANNOP.ANNOP'>,2059642941656,algorithms.genetic_algorithm,25,0.25467775467775466,0.24066390041493776,25,tournament_selection,one_point_crossover,0.8,ball_mutation,None,None,0.30000000000000004,-0.00544471579757495
<class 'problems.ANNOP.ANNOP'>,1252435308688,algorithms.genetic_algorithm,28,0.2494802494802495,0.21161825726141079,25,tournament_selection,one_point_crossover,0.6000000000000001,ball_mutation,None,None,0.30000000000000004,0.0014235148685843857
<class 'problems.ANNOP.ANNOP'>,1668197986448,algorithms.genetic_algorithm,50,0.24844074844074845,0.23236514522821577,25,tournament_selection,one_point_crossover,1.0,ball_mutation,None,None,0.1,-0.034510182077817864
<class 'problems.ANNOP.ANNOP'>,1935703879896,algorithms.genetic_algorithm,18,0.29417879417879417,0.24481327800829875,25,tournament_selection,one_point_crossover,0.2,ball_mutation,None,None,0.5,0.006877014155900592
<class 'problems.ANNOP.ANNOP'>,2504961131000,algorithms.genetic_algorithm,73,0.24532224532224534,0.23236514522821577,25,tournament_selection,one_point_crossover,0.2,ball_mutation,None,None,0.1,0.013268897470374096
